node_id,flood_bool
DE_100,0.0
DE_101,0.0
DE_102,0.0
DE_103,0.0
DE_104,0.0
DE_105,0.0
DE_106,0.0
DE_107,0.0
DE_108,0.0
DE_109,0.0
DE_11,0.0
DE_110,0.0
DE_111,0.0
DE_112,0.0
DE_113,0.0
DE_114,0.0
DE_115,0.0
DE_116,0.0
DE_117,0.0
DE_118,0.0
DE_119,0.0
DE_12,0.0
DE_120,0.0
DE_121,0.0
DE_122,0.0
DE_123,0.0
DE_124,0.0
DE_125,0.0
DE_126,0.0
DE_127,0.0
DE_128,0.0
DE_129,0.0
DE_13,0.0
DE_130,0.0
DE_131,0.0
DE_132,0.0
DE_133,0.0
DE_134,0.0
DE_135,0.0
DE_136,0.0
DE_137,0.0
DE_138,0.0
DE_139,0.0
DE_14,0.0
DE_140,0.0
DE_141,0.0
DE_142,0.0
DE_143,0.0
DE_144,0.0
DE_145,0.0
DE_146,0.0
DE_147,0.0
DE_148,0.0
DE_149,0.0
DE_15,0.0
DE_150,0.0
DE_151,0.0
DE_152,0.0
DE_153,0.0
DE_154,0.0
DE_155,0.0
DE_156,0.0
DE_157,0.0
DE_158,0.0
DE_159,0.0
DE_16,0.0
DE_160,0.0
DE_161,0.0
DE_162,0.0
DE_163,0.0
DE_164,0.0
DE_165,0.0
DE_166,0.0
DE_167,0.0
DE_168,0.0
DE_169,0.0
DE_17,0.0
DE_170,0.0
DE_171,0.0
DE_172,0.0
DE_173,0.0
DE_174,0.0
DE_175,0.0
DE_176,0.0
DE_177,0.0
DE_178,0.0
DE_179,0.0
DE_18,0.0
DE_180,0.0
DE_181,0.0
DE_182,0.0
DE_183,0.0
DE_184,0.0
DE_185,0.0
DE_186,0.0
DE_187,0.0
DE_188,0.0
DE_189,0.0
DE_19,0.0
DE_190,0.0
DE_191,0.0
DE_192,0.0
DE_193,0.0
DE_194,0.0
DE_196,0.0
DE_197,0.0
DE_198,0.0
DE_199,0.0
DE_20,0.0
DE_200,0.0
DE_201,0.0
DE_202,0.0
DE_203,0.0
DE_204,0.0
DE_205,0.0
DE_206,0.0
DE_207,0.0
DE_208,0.0
DE_209,0.0
DE_21,0.0
DE_210,0.0
DE_211,0.0
DE_212,0.0
DE_213,0.0
DE_214,0.0
DE_215,0.0
DE_216,0.0
DE_217,0.0
DE_218,0.0
DE_219,0.0
DE_22,0.0
DE_220,0.0
DE_221,0.0
DE_222,0.0
DE_223,0.0
DE_224,0.0
DE_225,0.0
DE_226,0.0
DE_227,0.0
DE_228,0.0
DE_229,0.0
DE_23,0.0
DE_230,0.0
DE_231,0.0
DE_232,0.0
DE_233,0.0
DE_234,0.0
DE_235,0.0
DE_236,0.0
DE_237,0.0
DE_238,0.0
DE_239,0.0
DE_24,0.0
DE_240,0.0
DE_241,0.0
DE_242,0.0
DE_243,0.0
DE_244,0.0
DE_245,0.0
DE_246,0.0
DE_247,0.0
DE_248,0.0
DE_249,0.0
DE_25,0.0
DE_250,0.0
DE_251,0.0
DE_252,0.0
DE_253,0.0
DE_254,0.0
DE_255,0.0
DE_257,0.0
DE_258,0.0
DE_259,0.0
DE_26,0.0
DE_260,0.0
DE_261,0.0
DE_262,0.0
DE_263,0.0
DE_264,0.0
DE_265,0.0
DE_266,0.0
DE_267,0.0
DE_268,0.0
DE_269,0.0
DE_27,0.0
DE_270,0.0
DE_271,0.0
DE_272,0.0
DE_273,0.0
DE_274,0.0
DE_275,0.0
DE_276,0.0
DE_277,0.0
DE_278,0.0
DE_279,0.0
DE_28,0.0
DE_280,0.0
DE_281,0.0
DE_282,0.0
DE_283,0.0
DE_284,0.0
DE_285,0.0
DE_286,0.0
DE_287,0.0
DE_288,0.0
DE_289,0.0
DE_29,0.0
DE_290,0.0
DE_291,0.0
DE_292,0.0
DE_293,0.0
DE_294,0.0
DE_295,0.0
DE_296,0.0
DE_297,0.0
DE_298,0.0
DE_299,0.0
DE_30,0.0
DE_300,0.0
DE_301,0.0
DE_302,0.0
DE_303,0.0
DE_304,0.0
DE_305,0.0
DE_306,0.0
DE_307,0.0
DE_308,0.0
DE_309,0.0
DE_31,0.0
DE_310,0.0
DE_311,0.0
DE_312,0.0
DE_313,0.0
DE_314,0.0
DE_315,0.0
DE_316,0.0
DE_317,0.0
DE_318,0.0
DE_319,0.0
DE_32,0.0
DE_320,0.0
DE_321,0.0
DE_322,0.0
DE_323,0.0
DE_324,0.0
DE_325,0.0
DE_326,0.0
DE_327,0.0
DE_328,0.0
DE_329,0.0
DE_33,0.0
DE_330,1.0
DE_331,0.0
DE_332,0.0
DE_333,0.0
DE_334,0.0
DE_335,0.0
DE_336,0.0
DE_337,0.0
DE_338,0.0
DE_339,0.0
DE_34,0.0
DE_340,0.0
DE_341,0.0
DE_342,0.0
DE_343,0.0
DE_344,0.0
DE_345,0.0
DE_346,0.0
DE_347,0.0
DE_348,0.0
DE_349,0.0
DE_35,0.0
DE_350,0.0
DE_351,0.0
DE_352,0.0
DE_353,0.0
DE_354,0.0
DE_355,0.0
DE_356,0.0
DE_357,0.0
DE_358,0.0
DE_359,0.0
DE_36,0.0
DE_360,0.0
DE_361,0.0
DE_362,0.0
DE_363,0.0
DE_364,0.0
DE_365,0.0
DE_366,0.0
DE_367,0.0
DE_368,0.0
DE_369,0.0
DE_37,0.0
DE_370,0.0
DE_371,0.0
DE_372,0.0
DE_373,0.0
DE_374,0.0
DE_375,0.0
DE_376,0.0
DE_377,0.0
DE_378,0.0
DE_379,0.0
DE_38,0.0
DE_380,0.0
DE_381,0.0
DE_382,0.0
DE_383,0.0
DE_384,0.0
DE_385,0.0
DE_386,0.0
DE_387,0.0
DE_388,0.0
DE_389,0.0
DE_39,0.0
DE_390,0.0
DE_391,0.0
DE_392,0.0
DE_393,0.0
DE_394,0.0
DE_395,0.0
DE_396,0.0
DE_397,0.0
DE_398,0.0
DE_399,0.0
DE_4,0.0
DE_40,0.0
DE_400,0.0
DE_401,0.0
DE_402,0.0
DE_403,0.0
DE_404,0.0
DE_405,0.0
DE_406,0.0
DE_407,0.0
DE_408,0.0
DE_409,0.0
DE_41,0.0
DE_410,0.0
DE_411,0.0
DE_412,0.0
DE_413,0.0
DE_414,0.0
DE_415,0.0
DE_416,0.0
DE_417,0.0
DE_418,0.0
DE_419,0.0
DE_42,0.0
DE_420,0.0
DE_421,0.0
DE_422,0.0
DE_423,0.0
DE_424,0.0
DE_425,0.0
DE_426,0.0
DE_427,0.0
DE_428,0.0
DE_429,0.0
DE_43,0.0
DE_430,0.0
DE_431,0.0
DE_432,0.0
DE_433,0.0
DE_434,0.0
DE_435,0.0
DE_436,0.0
DE_437,0.0
DE_438,0.0
DE_439,0.0
DE_44,0.0
DE_440,0.0
DE_441,0.0
DE_442,0.0
DE_443,0.0
DE_444,0.0
DE_445,0.0
DE_446,0.0
DE_447,0.0
DE_448,0.0
DE_449,0.0
DE_45,0.0
DE_450,0.0
DE_451,0.0
DE_452,0.0
DE_453,0.0
DE_454,0.0
DE_455,0.0
DE_456,0.0
DE_457,0.0
DE_458,0.0
DE_459,0.0
DE_46,0.0
DE_460,0.0
DE_461,0.0
DE_462,0.0
DE_464,0.0
DE_465,0.0
DE_466,0.0
DE_467,0.0
DE_468,0.0
DE_469,0.0
DE_47,0.0
DE_470,0.0
DE_471,0.0
DE_472,0.0
DE_473,0.0
DE_474,0.0
DE_475,0.0
DE_476,0.0
DE_477,0.0
DE_478,0.0
DE_479,0.0
DE_48,0.0
DE_480,0.0
DE_481,0.0
DE_482,0.0
DE_483,0.0
DE_484,0.0
DE_485,0.0
DE_486,0.0
DE_487,0.0
DE_488,0.0
DE_489,1.0
DE_49,0.0
DE_490,0.0
DE_491,0.0
DE_492,0.0
DE_493,0.0
DE_494,0.0
DE_495,0.0
DE_496,1.0
DE_497,0.0
DE_498,0.0
DE_5,0.0
DE_50,0.0
DE_500,0.0
DE_501,0.0
DE_502,0.0
DE_503,0.0
DE_504,0.0
DE_505,0.0
DE_506,0.0
DE_507,0.0
DE_508,0.0
DE_509,0.0
DE_51,0.0
DE_510,0.0
DE_511,0.0
DE_512,0.0
DE_513,0.0
DE_514,0.0
DE_515,0.0
DE_516,0.0
DE_517,0.0
DE_518,0.0
DE_519,0.0
DE_52,0.0
DE_520,0.0
DE_521,1.0
DE_522,1.0
DE_523,1.0
DE_524,0.0
DE_525,0.0
DE_526,0.0
DE_527,0.0
DE_528,0.0
DE_529,0.0
DE_53,0.0
DE_530,0.0
DE_531,0.0
DE_532,0.0
DE_534,0.0
DE_535,0.0
DE_536,0.0
DE_537,0.0
DE_538,0.0
DE_539,0.0
DE_54,0.0
DE_540,0.0
DE_541,0.0
DE_542,0.0
DE_543,0.0
DE_544,1.0
DE_545,0.0
DE_546,1.0
DE_547,0.0
DE_548,0.0
DE_55,0.0
DE_550,0.0
DE_553,0.0
DE_554,0.0
DE_555,0.0
DE_556,0.0
DE_557,0.0
DE_558,0.0
DE_559,0.0
DE_56,0.0
DE_560,0.0
DE_561,0.0
DE_562,0.0
DE_563,0.0
DE_564,0.0
DE_565,0.0
DE_566,0.0
DE_567,0.0
DE_568,0.0
DE_569,0.0
DE_57,0.0
DE_570,0.0
DE_571,0.0
DE_572,0.0
DE_573,0.0
DE_575,0.0
DE_576,0.0
DE_577,0.0
DE_578,0.0
DE_579,0.0
DE_58,0.0
DE_580,0.0
DE_581,0.0
DE_582,0.0
DE_586,0.0
DE_587,0.0
DE_588,0.0
DE_589,0.0
DE_59,0.0
DE_590,0.0
DE_591,0.0
DE_592,0.0
DE_594,0.0
DE_595,0.0
DE_6,0.0
DE_60,0.0
DE_61,0.0
DE_62,0.0
DE_63,0.0
DE_64,0.0
DE_65,0.0
DE_66,0.0
DE_67,0.0
DE_68,0.0
DE_69,0.0
DE_7,0.0
DE_70,0.0
DE_71,0.0
DE_72,0.0
DE_73,0.0
DE_74,0.0
DE_75,0.0
DE_76,0.0
DE_77,0.0
DE_78,0.0
DE_79,0.0
DE_8,0.0
DE_80,0.0
DE_81,0.0
DE_82,0.0
DE_83,0.0
DE_84,0.0
DE_85,0.0
DE_86,0.0
DE_87,0.0
DE_88,0.0
DE_89,0.0
DE_9,0.0
DE_90,0.0
DE_900,0.0
DE_909,0.0
DE_91,0.0
DE_910,0.0
DE_912,0.0
DE_913,0.0
DE_92,0.0
DE_925,0.0
DE_93,0.0
DE_94,0.0
DE_95,0.0
DE_96,0.0
DE_97,0.0
DE_98,0.0
DE_99,0.0
DE_DUM1,0.0
DE_DUM2,0.0
DE_GR_289,0.0
DE_GR_292,0.0
DE_N1,0.0
DE_RWZI_b,0.0
DE_RWZI_EFF_a,0.0
DE_RWZI_EFF_b,0.0
DE_RWZI_EFF_c,0.0
DE_RWZI_IN_a,0.0
DE_RWZI_IN_b,0.0
DE_RWZI_LOZ,0.0
DE_RWZI_RBT,0.0
DE_RWZI_RBT_b,0.0
GMS_888,0.0
RG_1,0.0
RG_10,0.0
RG_11,0.0
RG_12,0.0
RG_13,0.0
RG_14,0.0
RG_15,0.0
RG_16,0.0
RG_17,0.0
RG_2,0.0
RG_3,0.0
RG_4,0.0
RG_5,0.0
RG_6,0.0
RG_7,0.0
RG_8,0.0
RG_9,0.0
RG_TSK,0.0
SM07005001,0.0
SM07005002,0.0
SM07006001,0.0
SM07009001,1.0
SM08000104,0.0
SM08000105,0.0
SM08002001,1.0
SM08008001,0.0
SM08008101,1.0
SM09001001,0.0
SM09001101,0.0
SM09001102,0.0
SM09001103,0.0
SM09002203,0.0
SM09004101,0.0
SM09004102,0.0
SM09004103,0.0
SM09004104,0.0
SM09004105,0.0
SM09004106,0.0
SM09005101,0.0
SM09007001,0.0
SM09007002,0.0
SM09007003,0.0
SM09008001,0.0
SM09008002,0.0
SM09008003,0.0
SM09008201,0.0
SM09009001,0.0
SM09009002,0.0
SM09009003,0.0
SM09009004,0.0
SM09009101,0.0
SM10000101,0.0
SM10000102,0.0
SM10000103,0.0
SM10000104,0.0
SM10000201,0.0
SM10001101,0.0
SM10001102,0.0
SM10001103,0.0
SM10001105,0.0
SM10001106,0.0
SM10001201,0.0
SR05948101,0.0
SR05948114,0.0
SR05948115,0.0
SR05948202,0.0
SR05948302,0.0
SR05948303,0.0
SR05948304,0.0
SR05948307,0.0
SR05948308,0.0
SR05948401,0.0
SR05948402,0.0
SR05948501,1.0
SR05948502,0.0
SR05948601,0.0
SR05948602,1.0
SR05948701,0.0
SR05948702,1.0
SR05948801,1.0
SR05949204,0.0
SR05949301,0.0
SR05949302,0.0
SR05949303,0.0
SR05949304,0.0
SR05949305,0.0
SR05949306,0.0
SR05967104,0.0
SR05967106,0.0
SR05967202,0.0
SR05968102,0.0
SR05968103,0.0
SR05968104,0.0
SR05968203,0.0
SR05968204,0.0
SR05968205,0.0
SR05968206,0.0
SR05968207,0.0
SR05969101,0.0
SR05969102,0.0
SR05969103,0.0
SR05969105,0.0
SR05969201,0.0
SR05969202,0.0
SR05969203,0.0
SR05969204,0.0
SR05969205,0.0
SR05969206,0.0
SR05969207,0.0
SR06930501,0.0
SR06930701,0.0
SR06930801,0.0
SR06930802,0.0
SR06930901,0.0
SR06930902,0.0
SR06930903,0.0
SR06931801,1.0
SR06931802,0.0
SR06931803,0.0
SR06931804,0.0
SR06931805,0.0
SR06931901,0.0
SR06931902,0.0
SR06931903,0.0
SR06931904,0.0
SR06931905,0.0
SR06931906,0.0
SR06931907,0.0
SR06931908,0.0
SR06931909,0.0
SR06931910,0.0
SR06932303,0.0
SR06932304,0.0
SR06932305,0.0
SR06932306,0.0
SR06932401,0.0
SR06932402,0.0
SR06932403,0.0
SR06932404,0.0
SR06932405,0.0
SR06932406,0.0
SR06932407,0.0
SR06932409,0.0
SR06932410,0.0
SR06932411,0.0
SR06932412,0.0
SR06932413,0.0
SR06932502,0.0
SR06932503,0.0
SR06932504,0.0
SR06932505,0.0
SR06932601,1.0
SR06932604,0.0
SR06932701,0.0
SR06932801,0.0
SR06932802,0.0
SR06932803,0.0
SR06932804,0.0
SR06932805,0.0
SR06932806,0.0
SR06932807,0.0
SR06932808,0.0
SR06932809,0.0
SR06932810,0.0
SR06932811,0.0
SR06932901,0.0
SR06932902,0.0
SR06932903,0.0
SR06932904,0.0
SR06932905,0.0
SR06932906,0.0
SR06933103,0.0
SR06933221,0.0
SR06933222,0.0
SR06933223,0.0
SR06933224,0.0
SR06933225,0.0
SR06933226,0.0
SR06933227,0.0
SR06933228,0.0
SR06933229,0.0
SR06933230,0.0
SR06933231,0.0
SR06933232,0.0
SR06933233,0.0
SR06933234,0.0
SR06933235,0.0
SR06933236,0.0
SR06933237,0.0
SR06933238,0.0
SR06933239,0.0
SR06933240,0.0
SR06933241,0.0
SR06933242,0.0
SR06933243,0.0
SR06933244,0.0
SR06933245,0.0
SR06933246,0.0
SR06933247,0.0
SR06933248,0.0
SR06933249,0.0
SR06933250,0.0
SR06933334,0.0
SR06933335,0.0
SR06933340,0.0
SR06933341,0.0
SR06933342,0.0
SR06933343,0.0
SR06933344,0.0
SR06933345,0.0
SR06933346,0.0
SR06933347,0.0
SR06933348,0.0
SR06933349,0.0
SR06933350,0.0
SR06933351,0.0
SR06933352,0.0
SR06933353,0.0
SR06933354,0.0
SR06933355,0.0
SR06933356,0.0
SR06933357,0.0
SR06933401,0.0
SR06933402,0.0
SR06933403,0.0
SR06933404,0.0
SR06933405,0.0
SR06933406,0.0
SR06933407,0.0
SR06933408,0.0
SR06933410,0.0
SR06933411,0.0
SR06933501,0.0
SR06933502,0.0
SR06933503,0.0
SR06933601,0.0
SR06933602,0.0
SR06933701,0.0
SR06933702,0.0
SR06933801,0.0
SR06933802,0.0
SR06933803,0.0
SR06933804,0.0
SR06933805,0.0
SR06933806,0.0
SR06933807,0.0
SR06933808,0.0
SR06933901,0.0
SR06933902,0.0
SR06933903,0.0
SR06934211,0.0
SR06934212,0.0
SR06934215,0.0
SR06934216,0.0
SR06934218,0.0
SR06934219,0.0
SR06934220,0.0
SR06934221,0.0
SR06934222,0.0
SR06934223,0.0
SR06934224,0.0
SR06934225,0.0
SR06934226,0.0
SR06934227,0.0
SR06934228,0.0
SR06934229,0.0
SR06934230,0.0
SR06934231,0.0
SR06934232,0.0
SR06934233,0.0
SR06934234,0.0
SR06934235,0.0
SR06934236,0.0
SR06934237,0.0
SR06934238,0.0
SR06934239,0.0
SR06934240,0.0
SR06934241,0.0
SR06934243,0.0
SR06934244,0.0
SR06934309,0.0
SR06934310,0.0
SR06934311,0.0
SR06934312,0.0
SR06934313,0.0
SR06934314,0.0
SR06934315,0.0
SR06934316,0.0
SR06934317,0.0
SR06934318,0.0
SR06934319,0.0
SR06934320,0.0
SR06934321,0.0
SR06934322,0.0
SR06934323,0.0
SR06934324,0.0
SR06934325,0.0
SR06934326,0.0
SR06934401,0.0
SR06934402,0.0
SR06934403,0.0
SR06934404,0.0
SR06934501,0.0
SR06934502,0.0
SR06934601,0.0
SR06934602,0.0
SR06934603,0.0
SR06934604,0.0
SR06934701,0.0
SR06934702,0.0
SR06934703,0.0
SR06934704,0.0
SR06934706,0.0
SR06934801,0.0
SR06934802,0.0
SR06934803,0.0
SR06934804,0.0
SR06934805,0.0
SR06934806,0.0
SR06934807,0.0
SR06934901,0.0
SR06934902,0.0
SR06935201,0.0
SR06935202,0.0
SR06935203,0.0
SR06935204,0.0
SR06935205,0.0
SR06935206,0.0
SR06935207,0.0
SR06935208,0.0
SR06935209,0.0
SR06935210,0.0
SR06935401,0.0
SR06935402,0.0
SR06935403,0.0
SR06935404,0.0
SR06935501,0.0
SR06935502,0.0
SR06935503,0.0
SR06935504,0.0
SR06935601,0.0
SR06935602,0.0
SR06935701,0.0
SR06935702,0.0
SR06935703,0.0
SR06935704,0.0
SR06935707,0.0
SR06935708,0.0
SR06935709,0.0
SR06935710,0.0
SR06935711,0.0
SR06935712,0.0
SR06935801,0.0
SR06935802,0.0
SR06935803,0.0
SR06935804,0.0
SR06935805,0.0
SR06935806,0.0
SR06935901,0.0
SR06935902,0.0
SR06935903,0.0
SR06936102,0.0
SR06936103,0.0
SR06936104,0.0
SR06936105,0.0
SR06936106,1.0
SR06936201,0.0
SR06936202,0.0
SR06936203,0.0
SR06936204,0.0
SR06936205,0.0
SR06936206,0.0
SR06936401,0.0
SR06936402,0.0
SR06936403,0.0
SR06936404,0.0
SR06936501,0.0
SR06936701,0.0
SR06936702,0.0
SR06936703,0.0
SR06936801,0.0
SR06936802,0.0
SR06936901,0.0
SR06937101,0.0
SR06937102,0.0
SR06937103,0.0
SR06937104,0.0
SR06937105,0.0
SR06937106,0.0
SR06937107,0.0
SR06937108,0.0
SR06937109,0.0
SR06937401,0.0
SR06937402,0.0
SR06937501,0.0
SR06937502,0.0
SR06937503,1.0
SR06937504,0.0
SR06937701,1.0
SR06937702,1.0
SR06937703,1.0
SR06937704,1.0
SR06937705,0.0
SR06937801,0.0
SR06937802,0.0
SR06937803,1.0
SR06937901,0.0
SR06937902,0.0
SR06937903,0.0
SR06937904,0.0
SR06937905,0.0
SR06937906,0.0
SR06937907,0.0
SR06938101,0.0
SR06938102,0.0
SR06938201,0.0
SR06938301,0.0
SR06938302,0.0
SR06938303,0.0
SR06938401,0.0
SR06938402,0.0
SR06938403,0.0
SR06938404,0.0
SR06938405,0.0
SR06938406,0.0
SR06938501,1.0
SR06938502,0.0
SR06938503,0.0
SR06938504,1.0
SR06938505,1.0
SR06938601,1.0
SR06938701,1.0
SR06938702,1.0
SR06938901,1.0
SR06939101,0.0
SR06939102,0.0
SR06939103,0.0
SR06939104,0.0
SR06939105,0.0
SR06939106,0.0
SR06939107,0.0
SR06939108,0.0
SR06939109,0.0
SR06939110,1.0
SR06939111,0.0
SR06939112,0.0
SR06939201,0.0
SR06939202,0.0
SR06939301,0.0
SR06939401,0.0
SR06939402,0.0
SR06939501,1.0
SR06939502,1.0
SR06939601,1.0
SR06939701,1.0
SR06939702,1.0
SR06939703,1.0
SR06939704,1.0
SR06939705,1.0
SR06939706,0.0
SR06939801,1.0
SR06939802,1.0
SR06939803,0.0
SR06939804,0.0
SR06939806,0.0
SR06939901,1.0
SR06939902,1.0
SR06940101,0.0
SR06940102,0.0
SR06940103,0.0
SR06940104,0.0
SR06940105,0.0
SR06940106,0.0
SR06940201,0.0
SR06940202,1.0
SR06940203,0.0
SR06940204,0.0
SR06940205,0.0
SR06940206,1.0
SR06940207,0.0
SR06940301,0.0
SR06940302,0.0
SR06940303,0.0
SR06940304,0.0
SR06940305,0.0
SR06940306,0.0
SR06940401,0.0
SR06940402,0.0
SR06940403,0.0
SR06940404,0.0
SR06940405,0.0
SR06940406,0.0
SR06940501,0.0
SR06940502,0.0
SR06940601,1.0
SR06940602,1.0
SR06940603,1.0
SR06940604,1.0
SR06940605,0.0
SR06940701,0.0
SR06940702,0.0
SR06940703,0.0
SR06941001,0.0
SR06941002,0.0
SR06941003,0.0
SR06941004,0.0
SR06941005,0.0
SR06941006,0.0
SR06941007,0.0
SR06941008,0.0
SR06941201,0.0
SR06941202,0.0
SR06941203,0.0
SR06941204,0.0
SR06941205,0.0
SR06941301,0.0
SR06941302,0.0
SR06941303,0.0
SR06941304,0.0
SR06941305,0.0
SR06941401,0.0
SR06941402,0.0
SR06941403,0.0
SR06941404,0.0
SR06941405,0.0
SR06941406,0.0
SR06941407,0.0
SR06941501,1.0
SR06941502,0.0
SR06941503,0.0
SR06941504,0.0
SR06941505,0.0
SR06941506,0.0
SR06941601,0.0
SR06941602,1.0
SR06941603,1.0
SR06941604,1.0
SR06941701,1.0
SR06941702,1.0
SR06941703,1.0
SR06941704,0.0
SR06941705,1.0
SR06941706,1.0
SR06941801,0.0
SR06941802,1.0
SR06941803,0.0
SR06941804,0.0
SR06941805,0.0
SR06941806,0.0
SR06942001,0.0
SR06942002,0.0
SR06942003,0.0
SR06942004,0.0
SR06942005,0.0
SR06942006,0.0
SR06942007,0.0
SR06942008,0.0
SR06942009,0.0
SR06942010,0.0
SR06942011,0.0
SR06942012,0.0
SR06942101,0.0
SR06942102,0.0
SR06942103,0.0
SR06942104,0.0
SR06942201,0.0
SR06942202,0.0
SR06942203,0.0
SR06942204,0.0
SR06942205,0.0
SR06942206,0.0
SR06942207,0.0
SR06942208,0.0
SR06942209,0.0
SR06942210,0.0
SR06942301,0.0
SR06942302,0.0
SR06942303,0.0
SR06942304,0.0
SR06942305,0.0
SR06942306,0.0
SR06942307,0.0
SR06942308,0.0
SR06942309,0.0
SR06942310,0.0
SR06942311,0.0
SR06942312,0.0
SR06942313,0.0
SR06942314,0.0
SR06942315,0.0
SR06942316,0.0
SR06942317,0.0
SR06942318,0.0
SR06942401,0.0
SR06942402,0.0
SR06942403,0.0
SR06942404,0.0
SR06942405,0.0
SR06942406,0.0
SR06942407,0.0
SR06942408,0.0
SR06942409,0.0
SR06942410,0.0
SR06942411,0.0
SR06942412,0.0
SR06942501,0.0
SR06942502,0.0
SR06942503,0.0
SR06942504,0.0
SR06942505,0.0
SR06942506,0.0
SR06942507,0.0
SR06942601,1.0
SR06942602,1.0
SR06942603,0.0
SR06942701,1.0
SR06942702,0.0
SR06942703,0.0
SR06942704,1.0
SR06942705,1.0
SR06942706,0.0
SR06942707,0.0
SR06942801,0.0
SR06943001,0.0
SR06943002,0.0
SR06943003,0.0
SR06943004,0.0
SR06943005,0.0
SR06943006,0.0
SR06943007,0.0
SR06943008,0.0
SR06943009,0.0
SR06943010,0.0
SR06943011,0.0
SR06943012,0.0
SR06943101,0.0
SR06943102,0.0
SR06943103,0.0
SR06943104,0.0
SR06943201,0.0
SR06943202,0.0
SR06943204,0.0
SR06943401,0.0
SR06943402,0.0
SR06943403,0.0
SR06943404,0.0
SR06943405,0.0
SR06943406,0.0
SR06943501,0.0
SR06943502,0.0
SR06943503,0.0
SR06943504,0.0
SR06943505,0.0
SR06943506,0.0
SR06943701,1.0
SR06943702,1.0
SR06943801,1.0
SR06943901,0.0
SR06943902,1.0
SR06943903,1.0
SR06943904,0.0
SR06943905,0.0
SR06944101,0.0
SR06944401,0.0
SR06944402,0.0
SR06944403,0.0
SR06944501,0.0
SR06944502,0.0
SR06944601,0.0
SR06944602,0.0
SR06944603,0.0
SR06944604,0.0
SR06944605,0.0
SR06944606,0.0
SR06944607,0.0
SR06944608,0.0
SR06944609,0.0
SR06944610,0.0
SR06944701,0.0
SR06944702,0.0
SR06944703,0.0
SR06944704,0.0
SR06944706,0.0
SR06944901,0.0
SR06944902,0.0
SR06944903,0.0
SR06945001,0.0
SR06945101,0.0
SR06945102,0.0
SR06945103,0.0
SR06945104,0.0
SR06945105,0.0
SR06945106,0.0
SR06945107,0.0
SR06945108,0.0
SR06945109,0.0
SR06945110,0.0
SR06945111,0.0
SR06945112,0.0
SR06945113,0.0
SR06945114,0.0
SR06945201,0.0
SR06945202,0.0
SR06945401,0.0
SR06945402,0.0
SR06945403,0.0
SR06945404,1.0
SR06945405,0.0
SR06945406,0.0
SR06945407,0.0
SR06945408,0.0
SR06945409,0.0
SR06945410,0.0
SR06945501,0.0
SR06945502,0.0
SR06945503,0.0
SR06945504,0.0
SR06945506,0.0
SR06945601,0.0
SR06945602,0.0
SR06945603,0.0
SR06945604,0.0
SR06945701,0.0
SR06945702,0.0
SR06945703,0.0
SR06945704,0.0
SR06945705,0.0
SR06945706,0.0
SR06945707,0.0
SR06945708,0.0
SR06945709,0.0
SR06945710,0.0
SR06945801,0.0
SR06945802,0.0
SR06945803,0.0
SR06945804,0.0
SR06945901,0.0
SR06945902,0.0
SR06946001,0.0
SR06946002,0.0
SR06946003,0.0
SR06946004,0.0
SR06946005,0.0
SR06946006,0.0
SR06946101,0.0
SR06946102,0.0
SR06946201,0.0
SR06946202,0.0
SR06946301,0.0
SR06946302,0.0
SR06946303,0.0
SR06946304,0.0
SR06946305,0.0
SR06946306,0.0
SR06946307,0.0
SR06946308,0.0
SR06946309,0.0
SR06946310,0.0
SR06946401,0.0
SR06946402,0.0
SR06946403,0.0
SR06946404,0.0
SR06946501,0.0
SR06946502,0.0
SR06946503,0.0
SR06946504,0.0
SR06946505,0.0
SR06946506,0.0
SR06946507,0.0
SR06946508,0.0
SR06946510,0.0
SR06946601,0.0
SR06946602,0.0
SR06946603,0.0
SR06946701,0.0
SR06946702,0.0
SR06946703,0.0
SR06946801,0.0
SR06946802,0.0
SR06946803,0.0
SR06946804,0.0
SR06946805,0.0
SR06946806,0.0
SR06946901,0.0
SR06946902,0.0
SR06946903,0.0
SR06946904,0.0
SR06946905,0.0
SR06946906,0.0
SR06946907,0.0
SR06946908,0.0
SR06946909,0.0
SR06947001,1.0
SR06947002,1.0
SR06947101,1.0
SR06947102,1.0
SR06947201,0.0
SR06947202,0.0
SR06947301,0.0
SR06947302,0.0
SR06947303,0.0
SR06947304,0.0
SR06947305,0.0
SR06947306,0.0
SR06947401,0.0
SR06947402,0.0
SR06947403,0.0
SR06947404,0.0
SR06947501,0.0
SR06947502,0.0
SR06947503,0.0
SR06947504,0.0
SR06947601,0.0
SR06947602,0.0
SR06947603,0.0
SR06947604,0.0
SR06947701,0.0
SR06947702,0.0
SR06947703,0.0
SR06947704,0.0
SR06947705,0.0
SR06947706,0.0
SR06947801,1.0
SR06947802,0.0
SR06947803,0.0
SR06947804,0.0
SR06947805,0.0
SR06947806,0.0
SR06947807,0.0
SR06947808,0.0
SR06947809,1.0
SR06947810,1.0
SR06947901,1.0
SR06947902,1.0
SR06947903,1.0
SR06947904,0.0
SR06947905,0.0
SR06947906,0.0
SR06948001,1.0
SR06948002,1.0
SR06948003,1.0
SR06948101,0.0
SR06948301,0.0
SR06948302,0.0
SR06948303,0.0
SR06948304,0.0
SR06948305,0.0
SR06948401,0.0
SR06948402,0.0
SR06948403,0.0
SR06948404,0.0
SR06948405,1.0
SR06948406,0.0
SR06948408,0.0
SR06948501,0.0
SR06948502,0.0
SR06948503,0.0
SR06948601,0.0
SR06948701,1.0
SR06948801,1.0
SR06948803,1.0
SR06948804,1.0
SR06949101,1.0
SR06949102,1.0
SR06949201,0.0
SR06949401,0.0
SR06949402,0.0
SR06949403,0.0
SR06949404,0.0
SR06949405,0.0
SR06949406,0.0
SR06949501,0.0
SR06949502,0.0
SR06949503,0.0
SR06949504,0.0
SR06949505,0.0
SR06949506,0.0
SR06949508,0.0
SR06949601,0.0
SR06949602,0.0
SR06949701,0.0
SR06949702,1.0
SR06949801,0.0
SR06949802,1.0
SR06949803,0.0
SR06949804,0.0
SR06949805,1.0
SR06949806,0.0
SR06949807,0.0
SR06949808,0.0
SR06949809,0.0
SR06949901,1.0
SR06949902,1.0
SR06953004,0.0
SR06953005,0.0
SR06953006,0.0
SR06953701,0.0
SR06953801,0.0
SR06953901,0.0
SR06954001,0.0
SR06954002,1.0
SR06954003,0.0
SR06954501,0.0
SR06954502,0.0
SR06954503,0.0
SR06954504,0.0
SR06954506,0.0
SR06954507,0.0
SR06954508,0.0
SR06954509,0.0
SR06954510,0.0
SR06954511,0.0
SR06954601,0.0
SR06954602,0.0
SR06954801,0.0
SR06954901,0.0
SR06954902,0.0
SR06955001,0.0
SR06955002,0.0
SR06955003,0.0
SR06955005,0.0
SR06955101,0.0
SR06955102,1.0
SR06955103,0.0
SR06955201,0.0
SR06955202,0.0
SR06955301,0.0
SR06955302,0.0
SR06955303,0.0
SR06955401,0.0
SR06955402,0.0
SR06955403,1.0
SR06955404,0.0
SR06955405,0.0
SR06955503,0.0
SR06955504,0.0
SR06955505,1.0
SR06955506,0.0
SR06955507,1.0
SR06955508,0.0
SR06955509,0.0
SR06955510,0.0
SR06955511,0.0
SR06955601,0.0
SR06955602,0.0
SR06955603,0.0
SR06955701,0.0
SR06955702,0.0
SR06955801,0.0
SR06956101,0.0
SR06956401,0.0
SR06956402,1.0
SR06956403,1.0
SR06956404,0.0
SR06956501,0.0
SR06956502,0.0
SR06956503,0.0
SR06956504,0.0
SR06956505,0.0
SR06956506,0.0
SR06956507,1.0
SR06956508,1.0
SR06956509,0.0
SR06956510,1.0
SR06956511,0.0
SR06956512,0.0
SR06956513,0.0
SR06956514,0.0
SR06956601,1.0
SR06956602,1.0
SR06956603,1.0
SR06957001,0.0
SR06957002,0.0
SR06957003,0.0
SR06957004,0.0
SR06957005,0.0
SR06957006,0.0
SR06957101,0.0
SR06957301,0.0
SR06957302,0.0
SR06957303,0.0
SR06957401,0.0
SR06957501,0.0
SR06957502,0.0
SR06957503,0.0
SR06957504,0.0
SR06957505,0.0
SR06957506,0.0
SR06957601,1.0
SR06957602,1.0
SR06957603,0.0
SR06957604,0.0
SR06957605,1.0
SR06957606,0.0
SR06957607,0.0
SR06957608,0.0
SR06957609,0.0
SR06957701,0.0
SR06957702,0.0
SR06957703,0.0
SR06957704,0.0
SR06957705,0.0
SR06957707,0.0
SR06957708,0.0
SR06957709,0.0
SR06957801,0.0
SR06957802,0.0
SR06957803,0.0
SR06957901,0.0
SR06957902,0.0
SR06958001,0.0
SR06958002,0.0
SR06958003,0.0
SR06958004,0.0
SR06958101,0.0
SR06958102,0.0
SR06958103,0.0
SR06958104,0.0
SR06958105,0.0
SR06958106,0.0
SR06958107,0.0
SR06958108,0.0
SR06958109,0.0
SR06958110,0.0
SR06958111,0.0
SR06958201,0.0
SR06958202,1.0
SR06958203,0.0
SR06958204,0.0
SR06958205,0.0
SR06958206,0.0
SR06958207,0.0
SR06958208,0.0
SR06958209,0.0
SR06958210,0.0
SR06958211,0.0
SR06958212,0.0
SR06958213,0.0
SR06958214,0.0
SR06958215,0.0
SR06958216,0.0
SR06958301,0.0
SR06958302,0.0
SR06958303,0.0
SR06958304,0.0
SR06958305,0.0
SR06958306,0.0
SR06958307,0.0
SR06958308,0.0
SR06958401,1.0
SR06958402,0.0
SR06958501,0.0
SR06958502,0.0
SR06958503,0.0
SR06958601,1.0
SR06958602,0.0
SR06958603,0.0
SR06958604,1.0
SR06958605,1.0
SR06958801,0.0
SR06958802,0.0
SR06958803,0.0
SR06958901,0.0
SR06958902,0.0
SR06959201,1.0
SR06959202,1.0
SR06959203,0.0
SR06959204,1.0
SR06959205,1.0
SR06959206,0.0
SR06959207,0.0
SR06959208,0.0
SR06959301,1.0
SR06959302,1.0
SR06959303,1.0
SR06959304,0.0
SR06959401,1.0
SR06959402,0.0
SR06959403,0.0
SR06959404,0.0
SR06959405,0.0
SR06959406,0.0
SR06959407,0.0
SR06959408,0.0
SR06959409,0.0
SR06959501,0.0
SR06959502,0.0
SR06959503,0.0
SR06959504,0.0
SR06959505,0.0
SR06959506,0.0
SR06959507,0.0
SR06959601,0.0
SR06959602,0.0
SR06959603,0.0
SR06959604,0.0
SR06959605,0.0
SR06959701,0.0
SR06959702,0.0
SR06959703,0.0
SR06959704,0.0
SR06959705,0.0
SR06959801,0.0
SR06959901,0.0
SR06959902,0.0
SR06959903,0.0
SR06960201,0.0
SR06960202,0.0
SR06960203,0.0
SR06960204,0.0
SR06960205,0.0
SR06960206,0.0
SR06960207,0.0
SR06960208,0.0
SR06960209,0.0
SR06960210,0.0
SR06960211,0.0
SR06961201,0.0
SR06961202,0.0
SR06961203,0.0
SR06961204,0.0
SR06961205,0.0
SR06961206,0.0
SR06961207,0.0
SR06961210,0.0
SR06961301,0.0
SR06962001,0.0
SR06962002,0.0
SR06962101,0.0
SR06962201,0.0
SR06962202,0.0
SR06962203,0.0
SR06962204,0.0
SR06962205,0.0
SR06962206,0.0
SR06962207,0.0
SR06962208,0.0
SR06962209,0.0
SR06962210,0.0
SR06962301,0.0
SR06962302,0.0
SR06962303,0.0
SR06962304,0.0
SR06962801,0.0
SR06963101,0.0
SR06963102,0.0
SR06963201,0.0
SR06963202,0.0
SR06963203,0.0
SR06963204,0.0
SR06963205,0.0
SR06963206,0.0
SR06963301,0.0
SR06963304,0.0
SR06963308,0.0
SR06963402,0.0
SR06963403,0.0
SR06964001,0.0
SR06964002,0.0
SR06964003,0.0
SR06964101,0.0
SR06964102,0.0
SR06964201,0.0
SR06964202,0.0
SR06964203,0.0
SR06964302,0.0
SR06964404,0.0
SR06964409,0.0
SR06964501,0.0
SR06965301,0.0
SR06965302,0.0
SR06965303,0.0
SR06965401,0.0
SR06965507,0.0
SR06965508,0.0
SR06965801,0.0
SR06965901,0.0
SR06965902,0.0
SR06965903,0.0
SR06966401,0.0
SR06966402,0.0
SR06966501,0.0
SR06966601,0.0
SR06966602,0.0
SR06966603,0.0
SR06966901,0.0
SR06966902,0.0
SR06966903,0.0
SR06966904,0.0
SR06967001,0.0
SR06967002,0.0
SR06967101,0.0
SR06967102,0.0
SR06967103,0.0
SR06967401,0.0
SR06967402,0.0
SR06967403,0.0
SR06967501,0.0
SR06967502,0.0
SR06967701,0.0
SR06967702,0.0
SR06967801,0.0
SR06967901,0.0
SR06967902,0.0
SR06967903,0.0
SR06968001,0.0
SR06968201,0.0
SR06968202,0.0
SR06968203,0.0
SR06968204,0.0
SR06968205,0.0
SR06968206,0.0
SR06968207,0.0
SR06968208,0.0
SR06968301,0.0
SR06968302,0.0
SR06968303,0.0
SR06968304,0.0
SR06968305,0.0
SR06968306,0.0
SR06968307,0.0
SR06968308,0.0
SR06968401,0.0
SR06968402,0.0
SR06968403,0.0
SR06968501,0.0
SR06968801,0.0
SR06968802,0.0
SR06968803,0.0
SR06968804,0.0
SR06968805,0.0
SR06968806,0.0
SR06968807,0.0
SR06968808,0.0
SR06968809,0.0
SR06968901,0.0
SR06968902,0.0
SR06968903,0.0
SR06968904,0.0
SR06969001,0.0
SR06969002,0.0
SR06969003,0.0
SR06969004,0.0
SR06969201,0.0
SR06969202,0.0
SR06969203,0.0
SR06969204,0.0
SR06969205,0.0
SR06969206,0.0
SR06969301,0.0
SR06969302,0.0
SR06969303,0.0
SR06969304,0.0
SR06969401,0.0
SR06969402,0.0
SR06969403,1.0
SR06969404,0.0
SR06969405,0.0
SR06969406,0.0
SR06969407,0.0
SR06969601,1.0
SR06969602,1.0
SR06969701,0.0
SR06969702,0.0
SR06969703,0.0
SR06969704,0.0
SR06969705,0.0
SR06969706,0.0
SR06969707,0.0
SR06969801,0.0
SR06969802,0.0
SR06969803,0.0
SR06969804,0.0
SR06969805,0.0
SR06969806,0.0
SR06972301,0.0
SR06972302,0.0
SR06972501,0.0
SR06974401,0.0
SR06975401,0.0
SR06976001,0.0
SR06976002,0.0
SR06981101,0.0
SR06981201,0.0
SR07930103,0.0
SR07930104,0.0
SR07930105,0.0
SR07930401,0.0
SR07930402,0.0
SR07930501,1.0
SR07930502,1.0
SR07930601,1.0
SR07930701,1.0
SR07930801,1.0
SR07930802,1.0
SR07930803,1.0
SR07930804,1.0
SR07930805,0.0
SR07931202,0.0
SR07931203,0.0
SR07931401,0.0
SR07931402,0.0
SR07931403,0.0
SR07931404,0.0
SR07931405,0.0
SR07931406,0.0
SR07931407,0.0
SR07931501,0.0
SR07931502,0.0
SR07931503,0.0
SR07931504,0.0
SR07931505,0.0
SR07931506,0.0
SR07931508,0.0
SR07931601,0.0
SR07931602,0.0
SR07931603,0.0
SR07931604,0.0
SR07931605,0.0
SR07931606,0.0
SR07932201,0.0
SR07932401,0.0
SR07932402,0.0
SR07932403,0.0
SR07932404,0.0
SR07932501,0.0
SR07932502,0.0
SR07932503,0.0
SR07932504,0.0
SR07932505,0.0
SR07932601,0.0
SR07932602,0.0
SR07933204,0.0
SR07933301,0.0
SR07933302,0.0
SR07933303,0.0
SR07933304,0.0
SR07933305,0.0
SR07933401,0.0
SR07933402,0.0
SR07934301,0.0
SR07934302,0.0
SR07934303,0.0
SR07934401,0.0
SR07934402,0.0
SR07934403,0.0
SR07934404,0.0
SR07934501,0.0
SR07934502,0.0
SR07934503,0.0
SR07934504,0.0
SR07935301,0.0
SR07935401,0.0
SR07935501,0.0
SR07935502,0.0
SR07935503,0.0
SR07935601,0.0
SR07936401,0.0
SR07936402,0.0
SR07936403,0.0
SR07936404,0.0
SR07936405,0.0
SR07936406,0.0
SR07936407,0.0
SR07936408,0.0
SR07936409,0.0
SR07936410,0.0
SR07936411,0.0
SR07937401,0.0
SR07937403,0.0
SR07937405,0.0
SR07937406,0.0
SR07937407,0.0
SR07937408,0.0
SR07937409,0.0
SR07937410,0.0
SR07937411,0.0
SR07937412,0.0
SR07937413,0.0
SR07940001,0.0
SR07940002,1.0
SR07940003,1.0
SR07940004,1.0
SR07940301,0.0
SR07940302,0.0
SR07940303,0.0
SR07940305,0.0
SR07940401,0.0
SR07940601,0.0
SR07940602,0.0
SR07940603,1.0
SR07940604,1.0
SR07940605,0.0
SR07940606,0.0
SR07940607,0.0
SR07940608,0.0
SR07940609,0.0
SR07940701,0.0
SR07940702,0.0
SR07940703,0.0
SR07940704,1.0
SR07940705,0.0
SR07940706,1.0
SR07940707,0.0
SR07940708,0.0
SR07940709,0.0
SR07940710,0.0
SR07940711,0.0
SR07940801,0.0
SR07940901,1.0
SR07940902,1.0
SR07940903,1.0
SR07940905,0.0
SR07941202,0.0
SR07941203,0.0
SR07941205,0.0
SR07941206,0.0
SR07941401,0.0
SR07941402,0.0
SR07941403,0.0
SR07941404,0.0
SR07941405,0.0
SR07941601,0.0
SR07941602,0.0
SR07941603,1.0
SR07941701,1.0
SR07941801,0.0
SR07941802,1.0
SR07941803,1.0
SR07941804,0.0
SR07941805,0.0
SR07941806,0.0
SR07941807,0.0
SR07941901,0.0
SR07941902,1.0
SR07941903,1.0
SR07941904,1.0
SR07941905,1.0
SR07941906,0.0
SR07942201,0.0
SR07942202,0.0
SR07942301,0.0
SR07942302,0.0
SR07942303,0.0
SR07942304,0.0
SR07942401,0.0
SR07942402,0.0
SR07942501,0.0
SR07942502,0.0
SR07942503,0.0
SR07942504,0.0
SR07942601,0.0
SR07942602,0.0
SR07942701,0.0
SR07942702,0.0
SR07942703,0.0
SR07942704,1.0
SR07942705,1.0
SR07942706,1.0
SR07942707,0.0
SR07942801,0.0
SR07942802,1.0
SR07942803,0.0
SR07942804,0.0
SR07943301,0.0
SR07943302,0.0
SR07943401,0.0
SR07943402,0.0
SR07943403,0.0
SR07943404,0.0
SR07943405,0.0
SR07943501,0.0
SR07943601,0.0
SR07943701,0.0
SR07943702,1.0
SR07943703,0.0
SR07943704,0.0
SR07944401,0.0
SR07944501,0.0
SR07944502,0.0
SR07944701,1.0
SR07944801,1.0
SR07944803,0.0
SR07944804,0.0
SR07944805,0.0
SR07944806,0.0
SR07944901,1.0
SR07945601,0.0
SR07945602,0.0
SR07945603,0.0
SR07945604,0.0
SR07945607,0.0
SR07945801,0.0
SR07945802,0.0
SR07945803,0.0
SR07945804,0.0
SR07945805,0.0
SR07946801,0.0
SR07946802,0.0
SR07946803,0.0
SR07946804,0.0
SR07946805,0.0
SR07946901,0.0
SR07947801,0.0
SR07947802,0.0
SR07947803,0.0
SR07947804,0.0
SR07947805,0.0
SR07947806,0.0
SR07947807,0.0
SR07947810,0.0
SR07947901,0.0
SR07947902,0.0
SR07947903,0.0
SR07947905,0.0
SR07948901,0.0
SR07948902,0.0
SR07948903,0.0
SR07948904,0.0
SR07949901,0.0
SR07949902,0.0
SR07949903,0.0
SR07949904,0.0
SR07950201,1.0
SR07950202,1.0
SR07950203,1.0
SR07950205,1.0
SR07950401,0.0
SR07950501,0.0
SR07950502,0.0
SR07950503,0.0
SR07950504,0.0
SR07950505,0.0
SR07950506,0.0
SR07950507,0.0
SR07950601,0.0
SR07950602,0.0
SR07950701,0.0
SR07950702,0.0
SR07950703,0.0
SR07950704,0.0
SR07950705,0.0
SR07950706,0.0
SR07950707,0.0
SR07950708,0.0
SR07950709,0.0
SR07950710,0.0
SR07950711,0.0
SR07950712,0.0
SR07950713,0.0
SR07950801,0.0
SR07950802,0.0
SR07950803,0.0
SR07950804,0.0
SR07950805,0.0
SR07950806,0.0
SR07950807,0.0
SR07950808,0.0
SR07950809,0.0
SR07950810,0.0
SR07950901,0.0
SR07950902,0.0
SR07950903,0.0
SR07950904,0.0
SR07951001,1.0
SR07951301,1.0
SR07951302,1.0
SR07951303,1.0
SR07951304,1.0
SR07951305,0.0
SR07951306,1.0
SR07951307,0.0
SR07951308,1.0
SR07951309,1.0
SR07951401,0.0
SR07951402,0.0
SR07951403,0.0
SR07951404,0.0
SR07951501,0.0
SR07951502,0.0
SR07951503,0.0
SR07951504,0.0
SR07951505,0.0
SR07951601,0.0
SR07951602,0.0
SR07951603,0.0
SR07951604,0.0
SR07951605,0.0
SR07951606,0.0
SR07951701,0.0
SR07951702,0.0
SR07951703,0.0
SR07951704,0.0
SR07951705,0.0
SR07951706,0.0
SR07951707,0.0
SR07951801,0.0
SR07951802,0.0
SR07951803,0.0
SR07951804,0.0
SR07951805,0.0
SR07951806,0.0
SR07951807,0.0
SR07951808,0.0
SR07951901,0.0
SR07951902,0.0
SR07951903,0.0
SR07951904,0.0
SR07952001,1.0
SR07952002,1.0
SR07952101,1.0
SR07952102,1.0
SR07952103,0.0
SR07952104,1.0
SR07952105,1.0
SR07952201,1.0
SR07952202,1.0
SR07952203,1.0
SR07952204,1.0
SR07952205,0.0
SR07952301,1.0
SR07952302,1.0
SR07952303,1.0
SR07952307,1.0
SR07952308,1.0
SR07952309,1.0
SR07952311,0.0
SR07952501,0.0
SR07952502,0.0
SR07952503,0.0
SR07952504,0.0
SR07952505,0.0
SR07952506,0.0
SR07952507,0.0
SR07952601,0.0
SR07952602,0.0
SR07952701,0.0
SR07952702,0.0
SR07952703,0.0
SR07952704,0.0
SR07952801,0.0
SR07952802,0.0
SR07952803,0.0
SR07952901,0.0
SR07952902,0.0
SR07952903,0.0
SR07953001,1.0
SR07953101,1.0
SR07953102,1.0
SR07953201,1.0
SR07953202,1.0
SR07953203,1.0
SR07953301,0.0
SR07953302,0.0
SR07953303,1.0
SR07953304,1.0
SR07953305,0.0
SR07953306,0.0
SR07953401,1.0
SR07953402,1.0
SR07953403,1.0
SR07953404,1.0
SR07953405,1.0
SR07953406,1.0
SR07953407,1.0
SR07953501,0.0
SR07953502,1.0
SR07953503,1.0
SR07953601,0.0
SR07953602,0.0
SR07953603,0.0
SR07953801,1.0
SR07953802,0.0
SR07953803,0.0
SR07953804,0.0
SR07953805,0.0
SR07953806,0.0
SR07953901,0.0
SR07953902,0.0
SR07954001,1.0
SR07954101,1.0
SR07954102,0.0
SR07954103,1.0
SR07954104,0.0
SR07954201,0.0
SR07954301,0.0
SR07954302,0.0
SR07954303,0.0
SR07954401,1.0
SR07954402,1.0
SR07954403,1.0
SR07954501,1.0
SR07954502,1.0
SR07954503,1.0
SR07954504,1.0
SR07954505,0.0
SR07954506,0.0
SR07954507,0.0
SR07954508,1.0
SR07954509,1.0
SR07954510,0.0
SR07954511,0.0
SR07954601,0.0
SR07954602,0.0
SR07954701,0.0
SR07954702,0.0
SR07954801,0.0
SR07954802,0.0
SR07954803,0.0
SR07954804,0.0
SR07954805,0.0
SR07955201,0.0
SR07955202,0.0
SR07955203,0.0
SR07955501,1.0
SR07955502,1.0
SR07955503,1.0
SR07955504,1.0
SR07955601,1.0
SR07955602,1.0
SR07955603,1.0
SR07955701,0.0
SR07955801,1.0
SR07955802,0.0
SR07955901,0.0
SR07955902,0.0
SR07955903,0.0
SR07956001,0.0
SR07956002,0.0
SR07956003,0.0
SR07956401,0.0
SR07956402,0.0
SR07956501,1.0
SR07956502,1.0
SR07956503,1.0
SR07956504,1.0
SR07956505,1.0
SR07956506,1.0
SR07956601,1.0
SR07956701,0.0
SR07956702,0.0
SR07956703,0.0
SR07956801,0.0
SR07956901,0.0
SR07956902,0.0
SR07956903,0.0
SR07956904,0.0
SR07956905,0.0
SR07956906,0.0
SR07957101,0.0
SR07957201,0.0
SR07957203,0.0
SR07957204,0.0
SR07957205,0.0
SR07957206,0.0
SR07957207,0.0
SR07957208,0.0
SR07957209,0.0
SR07957210,0.0
SR07957211,0.0
SR07957212,0.0
SR07957213,0.0
SR07957301,0.0
SR07957302,0.0
SR07957303,0.0
SR07957601,1.0
SR07957602,1.0
SR07957603,1.0
SR07957604,1.0
SR07957605,1.0
SR07957606,1.0
SR07957901,1.0
SR07957902,0.0
SR07957903,0.0
SR07958201,0.0
SR07958202,0.0
SR07958203,0.0
SR07958204,0.0
SR07958205,0.0
SR07958206,0.0
SR07958207,0.0
SR07958301,0.0
SR07958302,0.0
SR07958303,0.0
SR07958304,0.0
SR07958401,0.0
SR07958402,0.0
SR07958403,0.0
SR07958404,0.0
SR07958405,0.0
SR07958406,0.0
SR07958407,0.0
SR07958501,0.0
SR07958502,0.0
SR07958503,0.0
SR07958504,0.0
SR07958601,1.0
SR07958602,1.0
SR07958603,1.0
SR07958604,1.0
SR07958605,0.0
SR07958701,1.0
SR07958702,1.0
SR07958703,1.0
SR07958801,0.0
SR07958802,0.0
SR07958803,0.0
SR07958804,0.0
SR07958805,0.0
SR07958806,0.0
SR07958807,0.0
SR07958901,0.0
SR07958902,0.0
SR07958903,0.0
SR07958904,0.0
SR07958905,0.0
SR07958906,0.0
SR07959001,0.0
SR07959002,0.0
SR07959003,0.0
SR07959004,0.0
SR07959005,0.0
SR07959101,0.0
SR07959102,0.0
SR07959103,0.0
SR07959104,0.0
SR07959105,0.0
SR07959201,0.0
SR07959202,0.0
SR07959203,0.0
SR07959204,0.0
SR07959205,0.0
SR07959206,0.0
SR07959207,0.0
SR07959301,0.0
SR07959302,0.0
SR07959303,0.0
SR07959304,0.0
SR07959305,0.0
SR07959306,0.0
SR07959307,0.0
SR07959308,0.0
SR07959309,0.0
SR07959401,0.0
SR07959402,0.0
SR07959403,0.0
SR07959501,0.0
SR07959502,0.0
SR07959503,0.0
SR07959504,0.0
SR07959506,0.0
SR07959601,0.0
SR07959602,0.0
SR07959603,0.0
SR07959604,0.0
SR07959605,0.0
SR07959606,0.0
SR07959701,0.0
SR07959702,0.0
SR07959703,0.0
SR07959704,0.0
SR07959705,0.0
SR07959706,0.0
SR07959707,0.0
SR07959708,0.0
SR07959801,0.0
SR07959802,0.0
SR07959803,0.0
SR07959804,0.0
SR07959805,0.0
SR07959901,0.0
SR07959902,0.0
SR07959903,0.0
SR07959904,0.0
SR07960001,0.0
SR07960002,0.0
SR07960003,0.0
SR07960004,0.0
SR07960005,0.0
SR07960201,0.0
SR07960202,0.0
SR07960301,0.0
SR07960302,0.0
SR07960303,0.0
SR07960304,0.0
SR07960305,0.0
SR07960401,0.0
SR07960402,0.0
SR07960403,0.0
SR07960404,0.0
SR07960405,0.0
SR07960601,1.0
SR07960602,1.0
SR07960603,1.0
SR07960701,1.0
SR07960702,1.0
SR07960801,0.0
SR07960802,0.0
SR07960803,0.0
SR07961001,0.0
SR07961002,0.0
SR07961003,0.0
SR07961004,0.0
SR07961101,0.0
SR07961102,0.0
SR07961103,0.0
SR07961201,0.0
SR07961202,0.0
SR07961301,0.0
SR07961302,0.0
SR07961303,0.0
SR07961304,0.0
SR07961401,0.0
SR07961402,0.0
SR07961403,0.0
SR07961404,0.0
SR07961405,0.0
SR07961701,0.0
SR07961702,1.0
SR07961703,1.0
SR07961704,1.0
SR07961801,0.0
SR07961802,0.0
SR07961803,0.0
SR07961804,0.0
SR07961805,0.0
SR07961806,1.0
SR07961807,1.0
SR07961808,0.0
SR07961809,0.0
SR07961810,0.0
SR07961811,0.0
SR07961901,0.0
SR07961902,0.0
SR07961903,0.0
SR07961904,0.0
SR07961905,0.0
SR07961906,0.0
SR07961907,0.0
SR07961908,0.0
SR07962101,0.0
SR07962102,0.0
SR07962103,0.0
SR07962104,0.0
SR07962201,0.0
SR07962202,0.0
SR07962203,0.0
SR07962204,0.0
SR07962301,0.0
SR07962302,0.0
SR07962303,0.0
SR07962304,0.0
SR07962305,0.0
SR07962306,0.0
SR07962307,0.0
SR07962308,0.0
SR07962309,0.0
SR07962310,0.0
SR07962401,0.0
SR07962402,0.0
SR07962403,0.0
SR07962404,0.0
SR07962501,1.0
SR07962502,0.0
SR07962701,0.0
SR07962702,1.0
SR07962703,1.0
SR07962801,0.0
SR07962802,0.0
SR07962803,0.0
SR07962804,0.0
SR07962901,0.0
SR07962902,0.0
SR07962903,0.0
SR07963001,0.0
SR07963002,0.0
SR07963101,0.0
SR07963102,0.0
SR07963103,0.0
SR07963104,0.0
SR07963105,0.0
SR07963201,0.0
SR07963202,0.0
SR07963203,0.0
SR07963204,0.0
SR07963205,0.0
SR07963301,0.0
SR07963401,1.0
SR07963501,1.0
SR07963502,0.0
SR07963503,0.0
SR07963601,0.0
SR07963602,0.0
SR07963603,0.0
SR07963701,0.0
SR07963702,0.0
SR07963703,0.0
SR07963704,0.0
SR07963705,0.0
SR07963706,0.0
SR07963707,0.0
SR07963801,0.0
SR07963802,0.0
SR07963803,0.0
SR07963804,0.0
SR07964001,0.0
SR07964002,0.0
SR07964003,0.0
SR07964101,0.0
SR07964102,0.0
SR07964103,0.0
SR07964201,0.0
SR07964202,0.0
SR07964203,0.0
SR07964204,0.0
SR07964205,0.0
SR07964206,0.0
SR07964401,0.0
SR07964403,0.0
SR07964404,0.0
SR07964405,0.0
SR07964501,0.0
SR07964502,0.0
SR07964601,0.0
SR07964602,0.0
SR07964603,0.0
SR07964701,1.0
SR07964702,0.0
SR07964703,1.0
SR07964801,0.0
SR07964802,0.0
SR07965001,0.0
SR07965002,0.0
SR07965003,0.0
SR07965101,0.0
SR07965102,0.0
SR07965103,0.0
SR07965201,0.0
SR07965202,0.0
SR07965304,0.0
SR07965305,0.0
SR07965306,0.0
SR07965307,0.0
SR07965308,0.0
SR07965309,0.0
SR07965310,0.0
SR07965311,0.0
SR07965312,0.0
SR07965313,0.0
SR07965314,0.0
SR07965315,0.0
SR07965401,0.0
SR07965402,0.0
SR07965403,0.0
SR07965404,0.0
SR07965405,0.0
SR07965406,0.0
SR07965501,0.0
SR07965502,0.0
SR07965503,0.0
SR07965504,0.0
SR07965505,0.0
SR07965506,0.0
SR07965601,0.0
SR07965602,0.0
SR07965603,0.0
SR07965604,0.0
SR07965605,0.0
SR07965606,0.0
SR07965607,0.0
SR07965608,0.0
SR07965609,0.0
SR07965610,0.0
SR07965611,0.0
SR07965701,0.0
SR07965702,0.0
SR07965703,0.0
SR07965704,0.0
SR07965705,0.0
SR07965706,0.0
SR07965707,0.0
SR07965801,0.0
SR07965802,0.0
SR07965803,0.0
SR07965901,0.0
SR07965902,0.0
SR07965903,1.0
SR07965905,0.0
SR07965906,0.0
SR07966001,0.0
SR07966002,0.0
SR07966003,0.0
SR07966004,0.0
SR07966005,0.0
SR07966006,0.0
SR07966007,0.0
SR07966008,0.0
SR07966201,0.0
SR07966305,0.0
SR07966306,0.0
SR07966307,0.0
SR07966308,0.0
SR07966309,0.0
SR07966310,0.0
SR07966311,0.0
SR07966402,0.0
SR07966403,0.0
SR07966405,0.0
SR07966501,0.0
SR07966601,0.0
SR07966602,0.0
SR07966603,0.0
SR07966701,0.0
SR07966801,0.0
SR07966802,0.0
SR07966803,0.0
SR07966804,0.0
SR07966805,0.0
SR07966806,0.0
SR07966807,0.0
SR07966808,0.0
SR07967001,1.0
SR07967101,0.0
SR07967406,0.0
SR07967407,0.0
SR07967409,0.0
SR07967410,0.0
SR07967411,0.0
SR07967502,0.0
SR07967503,0.0
SR07967504,0.0
SR07967505,0.0
SR07967506,0.0
SR07967507,0.0
SR07967601,0.0
SR07967602,0.0
SR07967603,0.0
SR07967604,0.0
SR07967701,0.0
SR07967702,0.0
SR07967703,0.0
SR07967704,0.0
SR07967705,0.0
SR07967706,0.0
SR07967707,0.0
SR07967708,0.0
SR07967709,0.0
SR07967710,0.0
SR07967711,0.0
SR07967712,0.0
SR07967713,0.0
SR07967714,0.0
SR07967715,0.0
SR07967716,0.0
SR07967801,0.0
SR07967802,0.0
SR07967901,0.0
SR07967902,0.0
SR07968001,1.0
SR07968002,1.0
SR07968201,0.0
SR07968202,0.0
SR07968203,0.0
SR07968204,0.0
SR07968205,0.0
SR07968301,0.0
SR07968302,0.0
SR07968303,0.0
SR07968304,0.0
SR07968305,0.0
SR07968306,0.0
SR07968307,0.0
SR07968308,0.0
SR07968309,0.0
SR07968310,0.0
SR07968401,0.0
SR07968402,0.0
SR07968404,0.0
SR07968405,0.0
SR07968406,0.0
SR07968407,0.0
SR07968408,0.0
SR07968506,0.0
SR07968507,0.0
SR07968508,0.0
SR07968509,0.0
SR07968510,0.0
SR07968511,0.0
SR07968512,0.0
SR07968513,0.0
SR07968514,0.0
SR07968515,0.0
SR07968518,0.0
SR07968519,0.0
SR07968603,0.0
SR07968701,0.0
SR07968702,0.0
SR07968703,0.0
SR07968704,0.0
SR07968705,0.0
SR07968901,0.0
SR07968902,0.0
SR07968903,1.0
SR07968904,0.0
SR07968905,0.0
SR07968906,0.0
SR07969001,1.0
SR07969002,0.0
SR07969101,1.0
SR07969102,0.0
SR07969103,0.0
SR07969104,0.0
SR07969201,0.0
SR07969301,0.0
SR07969302,0.0
SR07969303,0.0
SR07969304,0.0
SR07969401,0.0
SR07969402,0.0
SR07969403,0.0
SR07969404,0.0
SR07969605,0.0
SR07969606,0.0
SR07969607,0.0
SR07969608,0.0
SR07969609,0.0
SR07969610,0.0
SR07969611,0.0
SR07969612,0.0
SR07969613,0.0
SR07969614,0.0
SR07969615,0.0
SR07969616,0.0
SR07969701,0.0
SR07969702,0.0
SR07969703,0.0
SR07969704,0.0
SR07969705,0.0
SR07969901,1.0
SR07969902,1.0
SR07970001,0.0
SR07970002,0.0
SR07970003,0.0
SR07970101,0.0
SR07970102,0.0
SR07970103,0.0
SR07970104,0.0
SR07970105,0.0
SR07970106,0.0
SR07970107,0.0
SR07970201,0.0
SR07970202,0.0
SR07970203,0.0
SR07970401,0.0
SR07970402,0.0
SR07970404,0.0
SR07971001,0.0
SR07971002,0.0
SR07971003,0.0
SR07971101,0.0
SR07971102,0.0
SR07971103,0.0
SR07971201,0.0
SR07971202,0.0
SR07971203,0.0
SR07971204,0.0
SR07971301,0.0
SR07971602,0.0
SR07971802,0.0
SR07972001,0.0
SR07972002,0.0
SR07972003,0.0
SR07972004,0.0
SR07972101,0.0
SR07972102,0.0
SR07972103,0.0
SR07972104,0.0
SR07972105,0.0
SR07972201,0.0
SR07972202,0.0
SR07972203,0.0
SR07972301,0.0
SR07972302,0.0
SR07972303,0.0
SR07972304,0.0
SR07972501,0.0
SR07972502,0.0
SR07972601,0.0
SR07972602,1.0
SR07972603,1.0
SR07972701,1.0
SR07972702,1.0
SR07972703,1.0
SR07972801,1.0
SR07972802,1.0
SR07972803,1.0
SR07972804,1.0
SR07972805,0.0
SR07972806,0.0
SR07972901,1.0
SR07972902,1.0
SR07972903,0.0
SR07972904,1.0
SR07972905,0.0
SR07972906,0.0
SR07973201,0.0
SR07973301,0.0
SR07973302,0.0
SR07973303,0.0
SR07973304,0.0
SR07973305,0.0
SR07973306,0.0
SR07973401,0.0
SR07973402,0.0
SR07973403,0.0
SR07973501,0.0
SR07973601,0.0
SR07973602,0.0
SR07973603,0.0
SR07973604,0.0
SR07973701,0.0
SR07973702,0.0
SR07973703,0.0
SR07974501,0.0
SR07974601,0.0
SR07974602,0.0
SR07974701,0.0
SR07974901,0.0
SR07975001,0.0
SR07975002,0.0
SR07975003,0.0
SR07975004,1.0
SR07975005,0.0
SR07975401,0.0
SR07975501,0.0
SR07975701,0.0
SR07976701,0.0
SR07976901,0.0
SR07977101,0.0
SR07977102,0.0
SR07977103,0.0
SR07977201,0.0
SR07977801,0.0
SR07977802,0.0
SR07978001,1.0
SR07978101,1.0
SR07978102,1.0
SR07978201,0.0
SR07978301,0.0
SR07978801,0.0
SR07978802,0.0
SR07978803,0.0
SR07978804,0.0
SR07978805,0.0
SR07978901,0.0
SR07979201,1.0
SR07979202,1.0
SR07979203,1.0
SR07979204,0.0
SR07979301,0.0
SR07979302,1.0
SR07979401,1.0
SR07979402,1.0
SR07979501,1.0
SR07979502,1.0
SR07979701,0.0
SR07979801,0.0
SR07979802,1.0
SR07979803,0.0
SR07979804,1.0
SR07979901,1.0
SR07979902,1.0
SR07979903,1.0
SR07979904,1.0
SR07980001,0.0
SR07980501,0.0
SR07980502,0.0
SR07980503,0.0
SR07980504,0.0
SR07981001,1.0
SR07981002,0.0
SR07981003,0.0
SR07981101,1.0
SR07981401,0.0
SR07981402,0.0
SR07981403,0.0
SR07981404,0.0
SR07981405,0.0
SR07981408,0.0
SR07981410,0.0
SR07981411,0.0
SR07981412,0.0
SR07981413,0.0
SR07981414,0.0
SR07981415,0.0
SR07981416,0.0
SR07981501,0.0
SR07981502,0.0
SR07981503,0.0
SR07981901,1.0
SR07981902,0.0
SR07981903,0.0
SR07981904,0.0
SR07981905,0.0
SR07981906,0.0
SR07982001,1.0
SR07982002,1.0
SR07982003,1.0
SR07982004,1.0
SR07982005,1.0
SR07982101,1.0
SR07982102,0.0
SR07982103,0.0
SR07982104,0.0
SR07982105,0.0
SR07982106,0.0
SR07982107,1.0
SR07982108,1.0
SR07982109,0.0
SR07982201,0.0
SR07982202,1.0
SR07982203,1.0
SR07982204,1.0
SR07982301,0.0
SR07982302,0.0
SR07982303,0.0
SR07982304,1.0
SR07982305,1.0
SR07982401,0.0
SR07982402,0.0
SR07982403,0.0
SR07982404,0.0
SR07982405,0.0
SR07982501,0.0
SR07982502,0.0
SR07982503,0.0
SR07982504,0.0
SR07982505,0.0
SR07982506,0.0
SR07982507,0.0
SR07982508,0.0
SR07982509,0.0
SR07982510,0.0
SR07982511,0.0
SR07982513,0.0
SR07982901,0.0
SR07982902,0.0
SR07982903,0.0
SR07982904,1.0
SR07983201,0.0
SR07983202,0.0
SR07983203,0.0
SR07983204,0.0
SR07983301,0.0
SR07983302,0.0
SR07983501,0.0
SR07983502,1.0
SR07983503,1.0
SR07983504,0.0
SR07983505,1.0
SR07983601,0.0
SR07983602,0.0
SR07983603,0.0
SR07983604,0.0
SR07983605,1.0
SR07983701,0.0
SR07983702,0.0
SR07983801,0.0
SR07983802,0.0
SR07983901,0.0
SR07983902,0.0
SR07983903,0.0
SR07983904,0.0
SR07983905,0.0
SR07984201,0.0
SR07984301,0.0
SR07984302,0.0
SR07984303,0.0
SR07984601,1.0
SR07984602,1.0
SR07984603,1.0
SR07984604,1.0
SR07984605,1.0
SR07984701,0.0
SR07984702,0.0
SR07984703,0.0
SR07984704,0.0
SR07984705,0.0
SR07984706,1.0
SR07984707,1.0
SR07984708,1.0
SR07984709,0.0
SR07984711,0.0
SR07984801,0.0
SR07984802,0.0
SR07984803,0.0
SR07984804,0.0
SR07984901,0.0
SR07984902,0.0
SR07985001,0.0
SR07985002,0.0
SR07985301,1.0
SR07985302,1.0
SR07985303,0.0
SR07985304,0.0
SR07985305,1.0
SR07985306,0.0
SR07985401,1.0
SR07985402,0.0
SR07985403,0.0
SR07985404,0.0
SR07985501,0.0
SR07985502,0.0
SR07985503,0.0
SR07985601,0.0
SR07985602,0.0
SR07985603,0.0
SR07985604,0.0
SR07985701,1.0
SR07985702,1.0
SR07985703,1.0
SR07985704,1.0
SR07985705,1.0
SR07985801,0.0
SR07985802,0.0
SR07985803,0.0
SR07985804,0.0
SR07985805,0.0
SR07985806,0.0
SR07985807,0.0
SR07985808,0.0
SR07985809,0.0
SR07985810,0.0
SR07985811,0.0
SR07985901,0.0
SR07986001,0.0
SR07986002,0.0
SR07986101,0.0
SR07986201,0.0
SR07986202,0.0
SR07986301,1.0
SR07986302,0.0
SR07986303,0.0
SR07986304,1.0
SR07986305,0.0
SR07986308,0.0
SR07986309,0.0
SR07986310,0.0
SR07986311,0.0
SR07986401,0.0
SR07986402,0.0
SR07986403,0.0
SR07986404,0.0
SR07986405,0.0
SR07986406,0.0
SR07986501,0.0
SR07986502,0.0
SR07986503,1.0
SR07986504,0.0
SR07986601,0.0
SR07986602,0.0
SR07986603,1.0
SR07986604,0.0
SR07986701,1.0
SR07986702,0.0
SR07986901,0.0
SR07987001,1.0
SR07987002,1.0
SR07987003,0.0
SR07987004,0.0
SR07987005,0.0
SR07987201,1.0
SR07987202,1.0
SR07987203,1.0
SR07987204,0.0
SR07987301,1.0
SR07987302,1.0
SR07987303,1.0
SR07987304,1.0
SR07987305,1.0
SR07987306,1.0
SR07987307,1.0
SR07987308,1.0
SR07987309,1.0
SR07987310,1.0
SR07987311,1.0
SR07987312,1.0
SR07987313,0.0
SR07987501,0.0
SR07987601,0.0
SR07987602,0.0
SR07987603,0.0
SR07987604,0.0
SR07987605,0.0
SR07987701,0.0
SR07987702,0.0
SR07987703,0.0
SR07987704,0.0
SR07987705,0.0
SR07987801,0.0
SR07987802,0.0
SR07987803,1.0
SR07987901,0.0
SR07987902,0.0
SR07987903,0.0
SR07988001,1.0
SR07988002,0.0
SR07988003,0.0
SR07988101,1.0
SR07988102,1.0
SR07988103,1.0
SR07988104,1.0
SR07988105,1.0
SR07988106,0.0
SR07988107,0.0
SR07988108,0.0
SR07988109,1.0
SR07988110,1.0
SR07988201,1.0
SR07988202,1.0
SR07988401,1.0
SR07988402,1.0
SR07988403,1.0
SR07988404,0.0
SR07988405,1.0
SR07988406,1.0
SR07988407,0.0
SR07988501,1.0
SR07988502,1.0
SR07988601,0.0
SR07988602,0.0
SR07988603,0.0
SR07988604,0.0
SR07988605,0.0
SR07988606,0.0
SR07988607,0.0
SR07988608,0.0
SR07988609,1.0
SR07988701,0.0
SR07988702,0.0
SR07988703,0.0
SR07988801,0.0
SR07988802,0.0
SR07988803,0.0
SR07988804,0.0
SR07988805,0.0
SR07988806,0.0
SR07988807,0.0
SR07988808,0.0
SR07988809,0.0
SR07988810,0.0
SR07988901,0.0
SR07988902,0.0
SR07988903,0.0
SR07988904,0.0
SR07988905,0.0
SR07988906,0.0
SR07989001,1.0
SR07989101,1.0
SR07989102,1.0
SR07989401,0.0
SR07989402,1.0
SR07989403,1.0
SR07989404,1.0
SR07989405,1.0
SR07989406,0.0
SR07989501,0.0
SR07989502,1.0
SR07989503,0.0
SR07989601,0.0
SR07989602,0.0
SR07989603,0.0
SR07989604,0.0
SR07989701,0.0
SR07989702,0.0
SR07989703,0.0
SR07989704,0.0
SR07989705,0.0
SR07989706,0.0
SR07989707,0.0
SR07989801,0.0
SR07989802,0.0
SR07989803,0.0
SR07989804,0.0
SR07989805,0.0
SR07989806,0.0
SR07989807,0.0
SR07989808,0.0
SR07989809,0.0
SR07989810,0.0
SR07989901,0.0
SR07989902,0.0
SR07989903,0.0
SR07989904,0.0
SR07989905,0.0
SR07989906,0.0
SR07989907,0.0
SR07989908,0.0
SR07990601,1.0
SR07991101,0.0
SR07992301,1.0
SR07992302,0.0
SR07992303,0.0
SR07992304,0.0
SR07992401,0.0
SR07992501,0.0
SR07992502,0.0
SR07993001,1.0
SR07993201,1.0
SR07993202,1.0
SR07993203,0.0
SR07993204,1.0
SR07993205,1.0
SR07993301,1.0
SR07993701,0.0
SR07993702,0.0
SR07994001,0.0
SR07994002,0.0
SR07994101,1.0
SR07994102,1.0
SR07994103,0.0
SR07994104,1.0
SR07994105,1.0
SR07994106,0.0
SR07994107,0.0
SR07994108,1.0
SR07994109,0.0
SR07994110,0.0
SR07994111,0.0
SR07994112,1.0
SR07994113,0.0
SR07994202,1.0
SR07994204,1.0
SR07994205,1.0
SR07994301,1.0
SR07994302,1.0
SR07994303,0.0
SR07994304,1.0
SR07994401,1.0
SR07994402,1.0
SR07994403,1.0
SR07994404,1.0
SR07994601,0.0
SR07994602,0.0
SR07994701,0.0
SR07994702,0.0
SR07994703,0.0
SR07994704,0.0
SR07995001,0.0
SR07995101,0.0
SR07995102,0.0
SR07995103,0.0
SR07995104,0.0
SR07995105,0.0
SR07995106,0.0
SR07995107,0.0
SR07995108,0.0
SR07995401,0.0
SR07995501,0.0
SR07995502,0.0
SR07995503,0.0
SR07995504,0.0
SR07995505,0.0
SR07995601,0.0
SR07995701,0.0
SR07995702,0.0
SR07995703,0.0
SR07995704,0.0
SR07996001,0.0
SR07996002,0.0
SR07996003,0.0
SR07996004,0.0
SR07996005,0.0
SR07996006,0.0
SR07996007,0.0
SR07996008,0.0
SR07996009,0.0
SR07996010,0.0
SR07996011,0.0
SR07996012,0.0
SR07996013,0.0
SR07996101,0.0
SR07996102,0.0
SR07996103,0.0
SR07996201,0.0
SR07996701,0.0
SR07996702,0.0
SR07996703,0.0
SR07996704,0.0
SR07997001,0.0
SR07997002,0.0
SR07997003,0.0
SR07997101,0.0
SR07997102,0.0
SR07997103,0.0
SR07997104,0.0
SR07997301,0.0
SR07997401,0.0
SR07997402,0.0
SR07997403,0.0
SR07997404,0.0
SR07997405,1.0
SR07997406,0.0
SR07997407,0.0
SR07997501,0.0
SR07997502,0.0
SR07997503,0.0
SR07997801,0.0
SR07997802,0.0
SR07998001,0.0
SR07998002,0.0
SR07998101,0.0
SR07998102,0.0
SR07998103,0.0
SR07998104,0.0
SR07998105,0.0
SR07998106,0.0
SR07998301,0.0
SR07998302,0.0
SR07998401,0.0
SR07998402,0.0
SR07998403,0.0
SR07998404,0.0
SR07998405,0.0
SR07998406,0.0
SR07998407,0.0
SR07998408,0.0
SR07998409,0.0
SR07998410,0.0
SR07998411,0.0
SR07998601,0.0
SR07998602,0.0
SR07998603,0.0
SR07998604,0.0
SR07998605,0.0
SR07998606,0.0
SR07998607,0.0
SR07998608,0.0
SR07998701,0.0
SR07998702,0.0
SR07998703,0.0
SR07998704,0.0
SR07998705,0.0
SR07998706,0.0
SR07998801,0.0
SR07998802,0.0
SR07998803,0.0
SR07998804,1.0
SR07998805,0.0
SR07998806,0.0
SR07998807,1.0
SR07999001,0.0
SR07999002,0.0
SR07999003,0.0
SR07999004,0.0
SR07999005,0.0
SR07999006,0.0
SR07999007,0.0
SR07999008,0.0
SR07999101,0.0
SR07999102,0.0
SR07999103,0.0
SR07999201,0.0
SR07999202,0.0
SR07999203,0.0
SR07999204,0.0
SR07999205,0.0
SR07999401,0.0
SR07999402,0.0
SR07999403,0.0
SR07999501,0.0
SR07999502,0.0
SR07999503,0.0
SR07999504,0.0
SR07999505,0.0
SR07999601,0.0
SR07999602,0.0
SR07999603,0.0
SR07999604,0.0
SR07999605,0.0
SR07999606,0.0
SR07999607,0.0
SR07999608,0.0
SR07999701,0.0
SR07999702,0.0
SR07999703,0.0
SR07999704,0.0
SR07999705,0.0
SR07999706,0.0
SR07999707,0.0
SR07999801,0.0
SR07999802,0.0
SR07999803,0.0
SR07999901,0.0
SR08940801,0.0
SR08940802,1.0
SR08940803,0.0
SR08940804,0.0
SR08940805,1.0
SR08940806,0.0
SR08940807,0.0
SR08940808,0.0
SR08940809,0.0
SR08940810,0.0
SR08940811,0.0
SR08940901,0.0
SR08940902,0.0
SR08940903,0.0
SR08940904,0.0
SR08940905,0.0
SR08940906,0.0
SR08940907,0.0
SR08940908,0.0
SR08940909,0.0
SR08940910,0.0
SR08940911,0.0
SR08940913,0.0
SR08941701,0.0
SR08941704,0.0
SR08941801,0.0
SR08941802,0.0
SR08941803,0.0
SR08941804,0.0
SR08941805,0.0
SR08941806,0.0
SR08941807,0.0
SR08941901,0.0
SR08941902,0.0
SR08941903,0.0
SR08941904,0.0
SR08941905,0.0
SR08941906,0.0
SR08941907,1.0
SR08943801,1.0
SR08943802,1.0
SR08943803,0.0
SR08943901,0.0
SR08943902,1.0
SR08943903,1.0
SR08943904,1.0
SR08943905,1.0
SR08944801,0.0
SR08945901,0.0
SR08945906,0.0
SR08947901,0.0
SR08950001,0.0
SR08950002,0.0
SR08950003,0.0
SR08950004,0.0
SR08950101,0.0
SR08950102,0.0
SR08950103,0.0
SR08950104,0.0
SR08950105,0.0
SR08950106,0.0
SR08950107,0.0
SR08950201,0.0
SR08950202,0.0
SR08950203,0.0
SR08950204,0.0
SR08950205,0.0
SR08950206,0.0
SR08950207,0.0
SR08950208,0.0
SR08950209,0.0
SR08950210,0.0
SR08950301,0.0
SR08950302,0.0
SR08950401,0.0
SR08950402,0.0
SR08950403,0.0
SR08950404,0.0
SR08950405,0.0
SR08950406,0.0
SR08950501,0.0
SR08950502,0.0
SR08950503,0.0
SR08950504,0.0
SR08950505,0.0
SR08950601,0.0
SR08950701,0.0
SR08950702,0.0
SR08950707,0.0
SR08950708,0.0
SR08950710,0.0
SR08950711,0.0
SR08951001,0.0
SR08951002,0.0
SR08951003,0.0
SR08951004,0.0
SR08951005,0.0
SR08951101,0.0
SR08951102,0.0
SR08951103,0.0
SR08951201,0.0
SR08951202,0.0
SR08951203,0.0
SR08951301,0.0
SR08951302,0.0
SR08951303,0.0
SR08951304,0.0
SR08951305,0.0
SR08951702,0.0
SR08951801,1.0
SR08951802,0.0
SR08951803,0.0
SR08951806,0.0
SR08951807,0.0
SR08951901,1.0
SR08952001,0.0
SR08952002,0.0
SR08952003,0.0
SR08952004,0.0
SR08952005,0.0
SR08952101,0.0
SR08952102,0.0
SR08952103,0.0
SR08952104,0.0
SR08952105,0.0
SR08952107,0.0
SR08952201,0.0
SR08952202,0.0
SR08952203,0.0
SR08952204,0.0
SR08952205,0.0
SR08952301,0.0
SR08952302,0.0
SR08952801,0.0
SR08952802,0.0
SR08952805,0.0
SR08952806,1.0
SR08952809,1.0
SR08952810,0.0
SR08952811,0.0
SR08952812,0.0
SR08952813,0.0
SR08952901,1.0
SR08952902,0.0
SR08952903,1.0
SR08952904,1.0
SR08952905,1.0
SR08952906,1.0
SR08952907,0.0
SR08953001,0.0
SR08953002,0.0
SR08953003,0.0
SR08953004,0.0
SR08953005,0.0
SR08953007,1.0
SR08953101,0.0
SR08953102,0.0
SR08953103,0.0
SR08953104,0.0
SR08953105,0.0
SR08953106,0.0
SR08953109,0.0
SR08953201,0.0
SR08953202,0.0
SR08953203,0.0
SR08953204,0.0
SR08953205,0.0
SR08953301,0.0
SR08953302,0.0
SR08953303,0.0
SR08953304,0.0
SR08953401,0.0
SR08953801,0.0
SR08953802,0.0
SR08953901,1.0
SR08953902,1.0
SR08953906,0.0
SR08953907,0.0
SR08953908,0.0
SR08954001,0.0
SR08954002,1.0
SR08954003,1.0
SR08954004,0.0
SR08954102,0.0
SR08954201,0.0
SR08954202,0.0
SR08954203,1.0
SR08954204,1.0
SR08954301,1.0
SR08954302,1.0
SR08954303,1.0
SR08954304,0.0
SR08954305,1.0
SR08954401,0.0
SR08954402,0.0
SR08954403,1.0
SR08954501,0.0
SR08954502,0.0
SR08954601,0.0
SR08954602,0.0
SR08954603,0.0
SR08954604,0.0
SR08954701,0.0
SR08954702,0.0
SR08954801,0.0
SR08954901,0.0
SR08954902,0.0
SR08954904,0.0
SR08955103,0.0
SR08955104,0.0
SR08955105,0.0
SR08955106,0.0
SR08955201,1.0
SR08955202,0.0
SR08955301,1.0
SR08955302,1.0
SR08955303,1.0
SR08955304,1.0
SR08955601,0.0
SR08955602,0.0
SR08955603,0.0
SR08955801,0.0
SR08955802,0.0
SR08955803,0.0
SR08955804,0.0
SR08955901,0.0
SR08955902,0.0
SR08955903,0.0
SR08955904,0.0
SR08956101,0.0
SR08956102,0.0
SR08956201,1.0
SR08956301,1.0
SR08956302,1.0
SR08956501,0.0
SR08956601,0.0
SR08956701,0.0
SR08956901,0.0
SR08956902,0.0
SR08957301,1.0
SR08957302,0.0
SR08957401,0.0
SR08957601,0.0
SR08957602,0.0
SR08957603,0.0
SR08957604,0.0
SR08957701,0.0
SR08957702,0.0
SR08957703,0.0
SR08957704,0.0
SR08957705,0.0
SR08957706,0.0
SR08957707,0.0
SR08957708,0.0
SR08957709,0.0
SR08957710,0.0
SR08957711,0.0
SR08957713,0.0
SR08957714,0.0
SR08957715,0.0
SR08957801,0.0
SR08957802,0.0
SR08957803,0.0
SR08957804,0.0
SR08957901,0.0
SR08957902,0.0
SR08957903,0.0
SR08958401,0.0
SR08958402,0.0
SR08958601,0.0
SR08958602,0.0
SR08958603,0.0
SR08958701,0.0
SR08958702,0.0
SR08958703,0.0
SR08958704,0.0
SR08958705,0.0
SR08958706,0.0
SR08958707,0.0
SR08958708,0.0
SR08958709,0.0
SR08958801,0.0
SR08958802,0.0
SR08958803,0.0
SR08958804,0.0
SR08958805,0.0
SR08958806,0.0
SR08958807,0.0
SR08958901,0.0
SR08959202,0.0
SR08959301,0.0
SR08959302,0.0
SR08959303,0.0
SR08959304,0.0
SR08959305,0.0
SR08959306,0.0
SR08959309,0.0
SR08959312,0.0
SR08959313,0.0
SR08959314,0.0
SR08959401,0.0
SR08959402,0.0
SR08959403,0.0
SR08959601,0.0
SR08959602,0.0
SR08959603,0.0
SR08959604,0.0
SR08959605,0.0
SR08959701,0.0
SR08959702,0.0
SR08959703,1.0
SR08959704,0.0
SR08959705,0.0
SR08959706,0.0
SR08959801,0.0
SR08959901,0.0
SR08959902,0.0
SR08960101,0.0
SR08960102,1.0
SR08960103,0.0
SR08960104,0.0
SR08960105,0.0
SR08960106,0.0
SR08960107,1.0
SR08960201,0.0
SR08960202,0.0
SR08960203,0.0
SR08960204,0.0
SR08960205,0.0
SR08960206,0.0
SR08960207,0.0
SR08960301,0.0
SR08960302,0.0
SR08960303,0.0
SR08960304,0.0
SR08960305,0.0
SR08960306,0.0
SR08960307,0.0
SR08960308,0.0
SR08960309,0.0
SR08960401,0.0
SR08960402,0.0
SR08960403,0.0
SR08960404,0.0
SR08960501,0.0
SR08960502,0.0
SR08960503,0.0
SR08960801,0.0
SR08960802,0.0
SR08960803,0.0
SR08960901,1.0
SR08960902,0.0
SR08960903,1.0
SR08960904,1.0
SR08960905,1.0
SR08960906,0.0
SR08961001,1.0
SR08961002,1.0
SR08961101,0.0
SR08961102,0.0
SR08961103,1.0
SR08961104,0.0
SR08961105,1.0
SR08961106,0.0
SR08961201,0.0
SR08961202,0.0
SR08961301,0.0
SR08961302,0.0
SR08961401,0.0
SR08961402,0.0
SR08961403,0.0
SR08961404,0.0
SR08961405,0.0
SR08961406,0.0
SR08961407,0.0
SR08961408,0.0
SR08961409,0.0
SR08961410,0.0
SR08961411,0.0
SR08961412,0.0
SR08961501,0.0
SR08961502,0.0
SR08961503,0.0
SR08961504,0.0
SR08961505,0.0
SR08961801,0.0
SR08961802,1.0
SR08961803,0.0
SR08961804,0.0
SR08961901,1.0
SR08961902,1.0
SR08961903,1.0
SR08961904,1.0
SR08961905,1.0
SR08961906,0.0
SR08961907,0.0
SR08961908,0.0
SR08961909,0.0
SR08962001,1.0
SR08962002,1.0
SR08962003,1.0
SR08962004,1.0
SR08962005,1.0
SR08962006,0.0
SR08962007,1.0
SR08962008,1.0
SR08962101,1.0
SR08962102,1.0
SR08962103,1.0
SR08962104,0.0
SR08962105,0.0
SR08962106,0.0
SR08962107,1.0
SR08962108,0.0
SR08962201,1.0
SR08962202,1.0
SR08962203,0.0
SR08962204,1.0
SR08962205,0.0
SR08962206,1.0
SR08962207,1.0
SR08962208,1.0
SR08962209,0.0
SR08962301,1.0
SR08962302,0.0
SR08962303,1.0
SR08962401,0.0
SR08962403,0.0
SR08962404,0.0
SR08962501,0.0
SR08962502,1.0
SR08962503,0.0
SR08962504,1.0
SR08962505,0.0
SR08962506,1.0
SR08962601,0.0
SR08962602,0.0
SR08962603,0.0
SR08962604,0.0
SR08962605,0.0
SR08962701,0.0
SR08962702,0.0
SR08962703,0.0
SR08962704,0.0
SR08962705,0.0
SR08962706,0.0
SR08962801,0.0
SR08962802,0.0
SR08962901,0.0
SR08963003,1.0
SR08963004,1.0
SR08963005,1.0
SR08963006,0.0
SR08963007,1.0
SR08963008,0.0
SR08963101,1.0
SR08963103,1.0
SR08963104,1.0
SR08963106,1.0
SR08963107,1.0
SR08963108,0.0
SR08963109,1.0
SR08963111,1.0
SR08963201,0.0
SR08963202,1.0
SR08963203,0.0
SR08963204,1.0
SR08963205,0.0
SR08963206,0.0
SR08963207,0.0
SR08963208,1.0
SR08963301,1.0
SR08963302,1.0
SR08963303,1.0
SR08963401,0.0
SR08963402,0.0
SR08963403,1.0
SR08963407,1.0
SR08963408,0.0
SR08963409,1.0
SR08963410,0.0
SR08963411,1.0
SR08963501,1.0
SR08963502,0.0
SR08963503,0.0
SR08963504,1.0
SR08963505,0.0
SR08963701,0.0
SR08963702,0.0
SR08963703,0.0
SR08963704,0.0
SR08963705,0.0
SR08963706,0.0
SR08963707,0.0
SR08963708,0.0
SR08963801,0.0
SR08963802,0.0
SR08963803,0.0
SR08963804,1.0
SR08963805,0.0
SR08963806,0.0
SR08963901,0.0
SR08963902,0.0
SR08963903,0.0
SR08963904,1.0
SR08963905,1.0
SR08963906,0.0
SR08964001,0.0
SR08964002,0.0
SR08964007,0.0
SR08964009,0.0
SR08964010,0.0
SR08964011,0.0
SR08964012,1.0
SR08964013,0.0
SR08964014,1.0
SR08964015,0.0
SR08964018,0.0
SR08964401,0.0
SR08964402,1.0
SR08964403,0.0
SR08964501,1.0
SR08964502,0.0
SR08964503,0.0
SR08964504,1.0
SR08964505,1.0
SR08964506,0.0
SR08964507,0.0
SR08964508,0.0
SR08964509,0.0
SR08964510,0.0
SR08964511,1.0
SR08964512,0.0
SR08964601,1.0
SR08964602,0.0
SR08964603,1.0
SR08964604,0.0
SR08964605,0.0
SR08964606,1.0
SR08964607,0.0
SR08964608,0.0
SR08964901,1.0
SR08964902,1.0
SR08964903,0.0
SR08964904,0.0
SR08964905,1.0
SR08964906,1.0
SR08964907,1.0
SR08964908,1.0
SR08965002,0.0
SR08965003,0.0
SR08965004,0.0
SR08965101,0.0
SR08965102,0.0
SR08965103,0.0
SR08965104,0.0
SR08965401,1.0
SR08965402,0.0
SR08965501,0.0
SR08965601,1.0
SR08965602,1.0
SR08965603,1.0
SR08965604,1.0
SR08965605,0.0
SR08965901,1.0
SR08965902,0.0
SR08965903,1.0
SR08965904,1.0
SR08966001,0.0
SR08966002,0.0
SR08966003,0.0
SR08966004,0.0
SR08966101,1.0
SR08966102,1.0
SR08966103,1.0
SR08966201,0.0
SR08966202,0.0
SR08966203,0.0
SR08966206,1.0
SR08966207,1.0
SR08966208,1.0
SR08966209,0.0
SR08966210,1.0
SR08966211,0.0
SR08966301,0.0
SR08966302,0.0
SR08966401,1.0
SR08966402,1.0
SR08966501,1.0
SR08966502,0.0
SR08966503,1.0
SR08966504,0.0
SR08966505,1.0
SR08966506,1.0
SR08966507,1.0
SR08966601,0.0
SR08966602,1.0
SR08967001,0.0
SR08967101,1.0
SR08967102,0.0
SR08967103,0.0
SR08967104,0.0
SR08967105,0.0
SR08967106,0.0
SR08967107,0.0
SR08967108,0.0
SR08967201,0.0
SR08967202,0.0
SR08967203,0.0
SR08967204,0.0
SR08967206,1.0
SR08967208,1.0
SR08967209,1.0
SR08967301,0.0
SR08967302,0.0
SR08967303,1.0
SR08967305,1.0
SR08967307,1.0
SR08967308,1.0
SR08967309,1.0
SR08967310,1.0
SR08967311,1.0
SR08967401,0.0
SR08967402,0.0
SR08967501,1.0
SR08967502,1.0
SR08967503,1.0
SR08967504,1.0
SR08967901,0.0
SR08967902,0.0
SR08967903,0.0
SR08967904,0.0
SR08967905,0.0
SR08967906,0.0
SR08967907,0.0
SR08968001,0.0
SR08968002,0.0
SR08968101,0.0
SR08968102,0.0
SR08968201,1.0
SR08968202,0.0
SR08968301,1.0
SR08968302,1.0
SR08968401,0.0
SR08968402,1.0
SR08968403,1.0
SR08968404,1.0
SR08968405,1.0
SR08968501,1.0
SR08968502,0.0
SR08968503,0.0
SR08968504,1.0
SR08968505,0.0
SR08968506,0.0
SR08968507,0.0
SR08968801,0.0
SR08968802,0.0
SR08968803,0.0
SR08968804,0.0
SR08968805,0.0
SR08968806,0.0
SR08968901,0.0
SR08968903,0.0
SR08968904,0.0
SR08968905,0.0
SR08968906,0.0
SR08968907,0.0
SR08968908,0.0
SR08968909,0.0
SR08968910,0.0
SR08968911,0.0
SR08969201,1.0
SR08969202,1.0
SR08969401,0.0
SR08969402,0.0
SR08969403,0.0
SR08969404,0.0
SR08969405,0.0
SR08969406,0.0
SR08969407,0.0
SR08969408,0.0
SR08969501,0.0
SR08969502,0.0
SR08969503,0.0
SR08969601,0.0
SR08969602,0.0
SR08969603,0.0
SR08969604,0.0
SR08969701,0.0
SR08969801,0.0
SR08969802,0.0
SR08969803,1.0
SR08969804,0.0
SR08969805,0.0
SR08969806,0.0
SR08969807,0.0
SR08969808,0.0
SR08969809,0.0
SR08969901,0.0
SR08969902,0.0
SR08970301,0.0
SR08970302,0.0
SR08970303,0.0
SR08970304,0.0
SR08970305,0.0
SR08970401,0.0
SR08970402,0.0
SR08970403,0.0
SR08970404,0.0
SR08970405,0.0
SR08970406,0.0
SR08970407,0.0
SR08971001,0.0
SR08971002,0.0
SR08971101,0.0
SR08971102,0.0
SR08971201,0.0
SR08971202,0.0
SR08971203,0.0
SR08971301,0.0
SR08971302,0.0
SR08971303,0.0
SR08971304,0.0
SR08971305,0.0
SR08971306,0.0
SR08971401,0.0
SR08971402,0.0
SR08971403,0.0
SR08971404,0.0
SR08971405,0.0
SR08971406,0.0
SR08971407,0.0
SR08971408,0.0
SR08971601,0.0
SR08971602,0.0
SR08972001,1.0
SR08972002,0.0
SR08972003,1.0
SR08972004,1.0
SR08972005,0.0
SR08972006,0.0
SR08972007,0.0
SR08972008,0.0
SR08972009,0.0
SR08972010,0.0
SR08972011,0.0
SR08972013,0.0
SR08972101,0.0
SR08972102,0.0
SR08972103,0.0
SR08972104,0.0
SR08972105,0.0
SR08972106,0.0
SR08972107,0.0
SR08972108,0.0
SR08972109,0.0
SR08972110,0.0
SR08972111,0.0
SR08972201,0.0
SR08972202,0.0
SR08972203,0.0
SR08972301,0.0
SR08972302,0.0
SR08972303,0.0
SR08972304,0.0
SR08972305,0.0
SR08972307,0.0
SR08972308,0.0
SR08972309,0.0
SR08972310,0.0
SR08972311,0.0
SR08972312,0.0
SR08972313,0.0
SR08972314,0.0
SR08972315,0.0
SR08972316,0.0
SR08972801,1.0
SR08972901,0.0
SR08972902,0.0
SR08972903,1.0
SR08972904,0.0
SR08973001,1.0
SR08973002,1.0
SR08973003,1.0
SR08973101,0.0
SR08973102,0.0
SR08973103,0.0
SR08973104,0.0
SR08973105,0.0
SR08973106,0.0
SR08973201,0.0
SR08973202,0.0
SR08973203,0.0
SR08973301,0.0
SR08973302,0.0
SR08973303,0.0
SR08973304,0.0
SR08974001,1.0
SR08974002,1.0
SR08974003,0.0
SR08974004,0.0
SR08974005,0.0
SR08974006,0.0
SR08974101,0.0
SR08974102,0.0
SR08974103,0.0
SR08974104,0.0
SR08974105,0.0
SR08974106,0.0
SR08974107,0.0
SR08974108,0.0
SR08974201,0.0
SR08974202,0.0
SR08974203,0.0
SR08974204,0.0
SR08974301,0.0
SR08974302,0.0
SR08974303,0.0
SR08974304,0.0
SR08974305,0.0
SR08974306,0.0
SR08974401,0.0
SR08974402,0.0
SR08975001,0.0
SR08975002,0.0
SR08975003,1.0
SR08975004,0.0
SR08975005,1.0
SR08975101,0.0
SR08975102,0.0
SR08975103,0.0
SR08975104,0.0
SR08975105,0.0
SR08975201,0.0
SR08975202,0.0
SR08975203,0.0
SR08975204,0.0
SR08975301,0.0
SR08975302,0.0
SR08975303,0.0
SR08975304,0.0
SR08975401,0.0
SR08975402,0.0
SR08975403,0.0
SR08975404,0.0
SR08975405,0.0
SR08975406,0.0
SR08975407,0.0
SR08975408,0.0
SR08975414,0.0
SR08975415,0.0
SR08975416,0.0
SR08975417,0.0
SR08975418,0.0
SR08975419,0.0
SR08975420,0.0
SR08975421,0.0
SR08975422,0.0
SR08975501,0.0
SR08976001,0.0
SR08976101,0.0
SR08976102,0.0
SR08976103,0.0
SR08976104,0.0
SR08976105,0.0
SR08976106,0.0
SR08976201,0.0
SR08976202,0.0
SR08976203,0.0
SR08976301,0.0
SR08976302,0.0
SR08976303,0.0
SR08976304,0.0
SR08976305,0.0
SR08976306,0.0
SR08976307,0.0
SR08976401,0.0
SR08977001,0.0
SR08977002,0.0
SR08977003,0.0
SR08977004,0.0
SR08977101,1.0
SR08977102,0.0
SR08977103,0.0
SR08977104,1.0
SR08977105,0.0
SR08977106,0.0
SR08977107,0.0
SR08977108,0.0
SR08977109,0.0
SR08977201,0.0
SR08977202,0.0
SR08977203,0.0
SR08977204,0.0
SR08977205,0.0
SR08977206,0.0
SR08977301,0.0
SR08977302,0.0
SR08977303,0.0
SR08977304,0.0
SR08977305,0.0
SR08977306,0.0
SR08977307,0.0
SR08977401,0.0
SR08977501,0.0
SR08977502,0.0
SR08978001,0.0
SR08978002,0.0
SR08978003,0.0
SR08978004,0.0
SR08978005,0.0
SR08978101,1.0
SR08978102,0.0
SR08978103,0.0
SR08978104,0.0
SR08978105,0.0
SR08978106,0.0
SR08978201,0.0
SR08978202,0.0
SR08978203,0.0
SR08978204,0.0
SR08978501,0.0
SR08978502,0.0
SR08979001,0.0
SR08979002,0.0
SR08979003,0.0
SR08979004,0.0
SR08979101,0.0
SR08979102,0.0
SR08979103,1.0
SR08979201,0.0
SR08979202,0.0
SR08979203,0.0
SR08979204,0.0
SR08979205,0.0
SR08979301,0.0
SR08979302,0.0
SR08979401,0.0
SR08979402,0.0
SR08980001,1.0
SR08980002,1.0
SR08980003,1.0
SR08980101,1.0
SR08980102,1.0
SR08980103,0.0
SR08980201,1.0
SR08980202,1.0
SR08980203,1.0
SR08980301,1.0
SR08980302,1.0
SR08980303,1.0
SR08980304,1.0
SR08980305,1.0
SR08980306,1.0
SR08980307,0.0
SR08980308,1.0
SR08980309,0.0
SR08980401,1.0
SR08980402,1.0
SR08980501,0.0
SR08980502,1.0
SR08980503,1.0
SR08980504,0.0
SR08980505,1.0
SR08980601,1.0
SR08980602,1.0
SR08980603,0.0
SR08980604,0.0
SR08980605,0.0
SR08980606,0.0
SR08980607,0.0
SR08980701,0.0
SR08980702,0.0
SR08980703,0.0
SR08980704,0.0
SR08980801,1.0
SR08980901,0.0
SR08980902,0.0
SR08980903,0.0
SR08980904,0.0
SR08980905,0.0
SR08980906,0.0
SR08980907,0.0
SR08980908,0.0
SR08980909,0.0
SR08981001,1.0
SR08981002,1.0
SR08981003,0.0
SR08981004,1.0
SR08981005,1.0
SR08981501,1.0
SR08981502,1.0
SR08981601,0.0
SR08981602,0.0
SR08981603,1.0
SR08981604,1.0
SR08981605,1.0
SR08981606,0.0
SR08981607,0.0
SR08981608,0.0
SR08981609,0.0
SR08981610,1.0
SR08981701,0.0
SR08981801,0.0
SR08981802,0.0
SR08981803,0.0
SR08981804,0.0
SR08981805,0.0
SR08981901,0.0
SR08981902,0.0
SR08981903,0.0
SR08981904,0.0
SR08981905,0.0
SR08981906,0.0
SR08981907,0.0
SR08982001,0.0
SR08982002,0.0
SR08982003,0.0
SR08982004,0.0
SR08982005,0.0
SR08982006,0.0
SR08982007,0.0
SR08982601,1.0
SR08982701,0.0
SR08982702,1.0
SR08982703,1.0
SR08982704,1.0
SR08982705,0.0
SR08982706,0.0
SR08982707,1.0
SR08982801,0.0
SR08982802,0.0
SR08982803,0.0
SR08982804,0.0
SR08982805,0.0
SR08982806,0.0
SR08982807,0.0
SR08982808,0.0
SR08982809,0.0
SR08982901,0.0
SR08982902,0.0
SR08982903,0.0
SR08982904,0.0
SR08982905,0.0
SR08983001,0.0
SR08983002,0.0
SR08983101,0.0
SR08983102,0.0
SR08983103,0.0
SR08983104,0.0
SR08983105,0.0
SR08983201,0.0
SR08983202,0.0
SR08983203,0.0
SR08983301,0.0
SR08983302,0.0
SR08983303,0.0
SR08983304,0.0
SR08983305,0.0
SR08983703,1.0
SR08983704,0.0
SR08983705,1.0
SR08983706,0.0
SR08983707,0.0
SR08983708,0.0
SR08983711,0.0
SR08983802,1.0
SR08983803,0.0
SR08983804,0.0
SR08983805,0.0
SR08983806,0.0
SR08983807,0.0
SR08983808,0.0
SR08983901,0.0
SR08983902,0.0
SR08983903,0.0
SR08983904,0.0
SR08983905,0.0
SR08983906,0.0
SR08983907,0.0
SR08984201,0.0
SR08984202,0.0
SR08984203,0.0
SR08984204,0.0
SR08984205,0.0
SR08984206,0.0
SR08984207,0.0
SR08984301,0.0
SR08984302,0.0
SR08984303,0.0
SR08984401,0.0
SR08984402,0.0
SR08984403,0.0
SR08984404,0.0
SR08984601,0.0
SR08984701,0.0
SR08984702,0.0
SR08984703,0.0
SR08984704,0.0
SR08984705,0.0
SR08984706,0.0
SR08984707,0.0
SR08984708,0.0
SR08984801,0.0
SR08984806,0.0
SR08984808,0.0
SR08984809,0.0
SR08984810,0.0
SR08984811,0.0
SR08984901,0.0
SR08984902,0.0
SR08984903,0.0
SR08984904,0.0
SR08984905,0.0
SR08984906,0.0
SR08984907,0.0
SR08984908,0.0
SR08985301,0.0
SR08985302,0.0
SR08985303,0.0
SR08985304,0.0
SR08985305,0.0
SR08985306,0.0
SR08985307,0.0
SR08985401,0.0
SR08985402,0.0
SR08985403,0.0
SR08985404,0.0
SR08985405,0.0
SR08985406,0.0
SR08985407,0.0
SR08985408,0.0
SR08985501,0.0
SR08985502,0.0
SR08985503,0.0
SR08985504,0.0
SR08985505,0.0
SR08985506,0.0
SR08985507,0.0
SR08985508,0.0
SR08985509,0.0
SR08985510,0.0
SR08985601,0.0
SR08985602,0.0
SR08985704,0.0
SR08985705,0.0
SR08985706,0.0
SR08985707,0.0
SR08985708,0.0
SR08985801,0.0
SR08985802,0.0
SR08985803,0.0
SR08985806,0.0
SR08985812,0.0
SR08985813,0.0
SR08985814,0.0
SR08985815,0.0
SR08985816,0.0
SR08985818,0.0
SR08985819,0.0
SR08985901,0.0
SR08985902,0.0
SR08985903,0.0
SR08985905,0.0
SR08986401,0.0
SR08986402,0.0
SR08986403,0.0
SR08986404,0.0
SR08986405,0.0
SR08986406,0.0
SR08986407,0.0
SR08986502,0.0
SR08986503,0.0
SR08986504,0.0
SR08986505,0.0
SR08986506,0.0
SR08986507,0.0
SR08986508,0.0
SR08986606,0.0
SR08986608,0.0
SR08986609,0.0
SR08986610,0.0
SR08986701,0.0
SR08986704,0.0
SR08986801,0.0
SR08986802,0.0
SR08986803,0.0
SR08986804,0.0
SR08986805,0.0
SR08986901,0.0
SR08986902,0.0
SR08986903,0.0
SR08986904,0.0
SR08987501,0.0
SR08987502,0.0
SR08987603!,0.0
SR08987605,0.0
SR08987606,0.0
SR08987607,0.0
SR08987608,0.0
SR08987609,0.0
SR08987610,0.0
SR08987611,0.0
SR08987612,0.0
SR08987613,0.0
SR08987701,0.0
SR08987702,0.0
SR08987703,0.0
SR08987704,0.0
SR08987705,0.0
SR08987801,0.0
SR08987802,0.0
SR08987803,0.0
SR08987804,0.0
SR08987805,0.0
SR08987806,0.0
SR08987807,0.0
SR08987808,0.0
SR08987809,0.0
SR08987810,0.0
SR08987901,0.0
SR08987902,0.0
SR08987903,0.0
SR08987904,0.0
SR08987905,0.0
SR08987906,0.0
SR08987907,0.0
SR08988201,0.0
SR08988601,0.0
SR08988602,0.0
SR08988603,0.0
SR08988606,0.0
SR08988607,0.0
SR08988608,0.0
SR08988609,0.0
SR08988610,0.0
SR08988701,0.0
SR08988702,0.0
SR08988703,0.0
SR08988704,0.0
SR08988705,0.0
SR08988706,0.0
SR08988707,0.0
SR08988708,0.0
SR08988801,0.0
SR08988901,0.0
SR08988902,0.0
SR08988903,0.0
SR08988904,0.0
SR08988905,0.0
SR08989501,0.0
SR08989503,0.0
SR08989603,0.0
SR08989605,0.0
SR08989606,0.0
SR08989607,0.0
SR08989608,0.0
SR08989609,0.0
SR08989701,0.0
SR08989702,0.0
SR08989703,0.0
SR08989704,0.0
SR08989801,0.0
SR08989802,0.0
SR08989803,0.0
SR08989804,0.0
SR08989805,0.0
SR08989901,0.0
SR08989902,0.0
SR08989903,0.0
SR08989904,0.0
SR08990001,0.0
SR08990002,0.0
SR08990003,0.0
SR08990004,0.0
SR08990005,0.0
SR08990101,0.0
SR08990102,0.0
SR08990103,0.0
SR08990201,0.0
SR08990202,0.0
SR08990203,0.0
SR08990204,0.0
SR08990205,0.0
SR08990206,0.0
SR08990207,0.0
SR08990208,0.0
SR08990209,0.0
SR08990210,0.0
SR08990212,0.0
SR08990213,0.0
SR08990214,0.0
SR08990215,0.0
SR08990301,0.0
SR08990302,0.0
SR08990303,0.0
SR08990304,0.0
SR08990305,0.0
SR08990306,0.0
SR08990401,0.0
SR08990402,0.0
SR08990403,0.0
SR08990404,0.0
SR08990405,0.0
SR08990406,0.0
SR08990501,0.0
SR08990502,0.0
SR08990503,0.0
SR08990504,0.0
SR08990601,0.0
SR08990602,0.0
SR08990603,0.0
SR08990604,0.0
SR08990605,0.0
SR08990606,0.0
SR08990607,0.0
SR08990608,0.0
SR08990701,0.0
SR08990702,0.0
SR08990703,0.0
SR08990704,0.0
SR08990801,0.0
SR08990802,0.0
SR08990803,0.0
SR08990804,0.0
SR08990805,0.0
SR08990806,0.0
SR08990807,0.0
SR08991201,0.0
SR08991301,0.0
SR08991302,0.0
SR08991303,0.0
SR08991304,0.0
SR08991401,0.0
SR08991402,0.0
SR08991403,0.0
SR08991501,0.0
SR08991502,0.0
SR08991503,0.0
SR08991504,0.0
SR08991505,0.0
SR08991601,0.0
SR08991602,0.0
SR08991603,0.0
SR08991604,0.0
SR08991605,0.0
SR08991606,0.0
SR08991701,0.0
SR08991702,0.0
SR08991703,0.0
SR08991704,0.0
SR08991705,0.0
SR08991706,0.0
SR08991707,0.0
SR08991708,0.0
SR08991710,0.0
SR08991801,0.0
SR08991802,0.0
SR08991803,0.0
SR08991804,0.0
SR08992001,0.0
SR08992002,0.0
SR08992003,0.0
SR08992004,0.0
SR08992005,0.0
SR08992006,0.0
SR08992201,0.0
SR08992301,0.0
SR08992302,0.0
SR08992303,0.0
SR08992304,0.0
SR08992305,0.0
SR08992306,0.0
SR08992307,0.0
SR08992308,0.0
SR08992401,0.0
SR08992402,0.0
SR08992403,0.0
SR08992404,0.0
SR08992405,0.0
SR08992501,0.0
SR08992502,0.0
SR08992503,0.0
SR08992504,0.0
SR08992601,0.0
SR08992602,0.0
SR08992603,0.0
SR08992604,0.0
SR08992701,0.0
SR08992702,0.0
SR08992703,0.0
SR08992801,0.0
SR08992802,0.0
SR08992803,0.0
SR08992804,0.0
SR08992805,0.0
SR08992806,0.0
SR08992807,0.0
SR08992808,0.0
SR08992809,0.0
SR08992810,0.0
SR08993001,0.0
SR08993002,0.0
SR08993003,0.0
SR08993004,0.0
SR08993005,0.0
SR08993006,0.0
SR08993101,0.0
SR08993102,0.0
SR08993103,0.0
SR08993104,0.0
SR08993105,0.0
SR08993201,0.0
SR08993202,0.0
SR08993301,0.0
SR08993302,0.0
SR08993303,0.0
SR08993304,0.0
SR08993305,0.0
SR08993401,0.0
SR08993402,0.0
SR08993403,0.0
SR08993404,0.0
SR08993601,0.0
SR08993602,0.0
SR08993603,0.0
SR08993604,0.0
SR08993605,0.0
SR08993606,0.0
SR08993607,0.0
SR08993608,0.0
SR08993609,0.0
SR08993610,0.0
SR08993612,0.0
SR08993701,0.0
SR08993702,0.0
SR08993703,0.0
SR08993801,0.0
SR08993802,0.0
SR08993803,0.0
SR08994001,0.0
SR08994002,0.0
SR08994003,0.0
SR08994004,0.0
SR08994005,0.0
SR08994006,0.0
SR08994007,0.0
SR08994101,0.0
SR08994102,0.0
SR08994103,0.0
SR08994104,0.0
SR08994105,0.0
SR08994106,0.0
SR08994201,0.0
SR08994202,0.0
SR08994203,0.0
SR08994301,0.0
SR08994402,0.0
SR08994403,0.0
SR08994404,0.0
SR08994405,0.0
SR08994406,0.0
SR08994407,0.0
SR08994408,0.0
SR08994409,0.0
SR08994410,0.0
SR08994504,0.0
SR08994505,0.0
SR08994506,0.0
SR08994507,0.0
SR08994508,0.0
SR08994602,0.0
SR08994603,0.0
SR08994604,0.0
SR08994605,0.0
SR08994606,0.0
SR08994607,0.0
SR08994701,0.0
SR08994702,0.0
SR08994703,0.0
SR08994704,0.0
SR08994801,0.0
SR08994802,0.0
SR08995101,0.0
SR08995401,0.0
SR08995402,0.0
SR08995501,0.0
SR08995502,0.0
SR08995503,0.0
SR08995504,0.0
SR08995505,0.0
SR08995601,0.0
SR08995602,0.0
SR08995701,0.0
SR08995703,0.0
SR08995704,0.0
SR08995705,0.0
SR08995706,0.0
SR08995707,0.0
SR08995708,0.0
SR08995801,0.0
SR08995802,0.0
SR08995803,0.0
SR08995804,0.0
SR08995805,0.0
SR08995806,0.0
SR08995807,0.0
SR08995808,0.0
SR08995809,0.0
SR08995901,0.0
SR08996001,0.0
SR08996601,0.0
SR08996602,0.0
SR08996604,0.0
SR08996701,0.0
SR08996705,0.0
SR08996706,0.0
SR08996707,0.0
SR08996901,0.0
SR08996902,0.0
SR08996903,0.0
SR08996904,0.0
SR08996905,0.0
SR08996907,0.0
SR08997001,0.0
SR08997002,0.0
SR08997003,0.0
SR08997101,0.0
SR08997701,0.0
SR08997801,0.0
SR08997802,0.0
SR08997803,0.0
SR08997804,0.0
SR08997901,0.0
SR08997902,0.0
SR08998001,0.0
SR08998002,0.0
SR08998003,0.0
SR08998004,0.0
SR08998101,0.0
SR08998102,0.0
SR08998103,0.0
SR08998104,0.0
SR08998301,0.0
SR08998302,0.0
SR08998501,0.0
SR08998502,0.0
SR08998601,0.0
SR08998801,0.0
SR08998802,0.0
SR08998803,0.0
SR08998901,0.0
SR08998902,0.0
SR08998903,0.0
SR08999001,0.0
SR08999002,0.0
SR08999101,0.0
SR08999102,0.0
SR08999103,0.0
SR08999104,0.0
SR08999105,0.0
SR08999106,0.0
SR08999107,0.0
SR08999108,0.0
SR08999109,0.0
SR08999201,0.0
SR08999202,0.0
SR08999203,0.0
SR08999204,0.0
SR08999205,0.0
SR08999901,0.0
SR08999902,0.0
SR08999903,0.0
SR09950401,0.0
SR09950402,0.0
SR09950403,0.0
SR09950701,1.0
SR09951301,0.0
SR09951401,0.0
SR09951402,0.0
SR09951403,0.0
SR09951404,0.0
SR09951406,0.0
SR09951501,0.0
SR09951701,0.0
SR09951702,0.0
SR09953501,0.0
SR09953502,0.0
SR09953503,0.0
SR09953504,0.0
SR09953602,0.0
SR09953603,0.0
SR09954501,0.0
SR09954502,0.0
SR09954503,0.0
SR09954504,0.0
SR09954505,0.0
SR09954506,0.0
SR09954602,0.0
SR09954701,0.0
SR09954702,0.0
SR09954703,1.0
SR09954704,0.0
SR09954705,0.0
SR09954706,0.0
SR09955501,0.0
SR09955601,0.0
SR09955602,0.0
SR09955603,0.0
SR09955604,0.0
SR09955605,0.0
SR09955606,0.0
SR09955607,0.0
SR09955608,0.0
SR09955609,0.0
SR09955610,0.0
SR09955611,0.0
SR09955701,0.0
SR09955702,0.0
SR09955703,0.0
SR09955704,0.0
SR09955705,0.0
SR09955706,0.0
SR09955801,0.0
SR09956401,0.0
SR09956501,0.0
SR09956502,0.0
SR09956503,0.0
SR09956601,0.0
SR09956602,0.0
SR09956603,0.0
SR09956604,0.0
SR09956605,0.0
SR09956606,0.0
SR09956607,0.0
SR09956608,0.0
SR09956609,0.0
SR09956610,0.0
SR09956701,0.0
SR09956702,0.0
SR09956703,0.0
SR09956704,0.0
SR09956705,0.0
SR09956706,0.0
SR09956707,0.0
SR09956708,0.0
SR09956709,0.0
SR09956801,0.0
SR09956802,0.0
SR09956803,0.0
SR09956804,0.0
SR09956805,0.0
SR09956806,0.0
SR09956807,0.0
SR09957601,0.0
SR09957602,0.0
SR09957701,0.0
SR09957702,0.0
SR09957703,0.0
SR09957704,0.0
SR09957705,0.0
SR09957706,0.0
SR09957707,0.0
SR09957801,0.0
SR09957802,0.0
SR09957901,0.0
SR09957902,0.0
SR09958501,0.0
SR09958601,0.0
SR09958602,0.0
SR09958603,0.0
SR09958604,0.0
SR09958701,0.0
SR09958702,0.0
SR09958703,0.0
SR09958704,0.0
SR09958801,0.0
SR09958802,0.0
SR09958803,0.0
SR09958804,0.0
SR09958805,0.0
SR09958806,0.0
SR09958901,0.0
SR09958902,0.0
SR09958903,0.0
SR09958904,0.0
SR09958905,0.0
SR09958906,0.0
SR09958909,0.0
SR09958910,0.0
SR09958912,0.0
SR09958913,0.0
SR09958914,0.0
SR09959701,0.0
SR09959702,0.0
SR09959703,0.0
SR09959704,0.0
SR09959705,0.0
SR09959706,0.0
SR09959707,0.0
SR09959801,0.0
SR09959802,0.0
SR09959803,0.0
SR09959804,0.0
SR09959805,0.0
SR09959806,0.0
SR09959807,0.0
SR09959901,0.0
SR09959902,0.0
SR09959903,0.0
SR09960301,0.0
SR09960401,0.0
SR09960402,0.0
SR09960403,0.0
SR09960404,0.0
SR09960405,0.0
SR09960701,0.0
SR09960801,1.0
SR09960901,1.0
SR09960902,1.0
SR09960903,0.0
SR09960904,0.0
SR09960905,1.0
SR09960906,1.0
SR09960907,0.0
SR09960908,1.0
SR09960909,0.0
SR09960910,1.0
SR09961201,0.0
SR09961202,0.0
SR09961203,0.0
SR09961301,0.0
SR09961401,0.0
SR09961402,0.0
SR09961403,0.0
SR09961404,0.0
SR09961701,0.0
SR09961801,1.0
SR09961802,0.0
SR09961901,1.0
SR09961902,0.0
SR09961903,1.0
SR09961904,1.0
SR09961905,1.0
SR09961906,1.0
SR09962101,1.0
SR09962201,1.0
SR09962301,1.0
SR09962302,0.0
SR09962303,0.0
SR09962304,0.0
SR09962305,0.0
SR09962306,0.0
SR09962307,0.0
SR09962401,0.0
SR09962402,0.0
SR09962801,1.0
SR09962802,1.0
SR09962803,0.0
SR09962804,0.0
SR09962901,0.0
SR09962902,0.0
SR09963101,1.0
SR09963401,0.0
SR09963402,0.0
SR09963403,0.0
SR09963404,0.0
SR09963701,1.0
SR09963702,1.0
SR09963703,1.0
SR09963704,0.0
SR09963705,0.0
SR09963706,1.0
SR09963707,0.0
SR09963708,0.0
SR09963801,1.0
SR09963802,1.0
SR09963901,0.0
SR09963902,0.0
SR09963903,0.0
SR09963904,0.0
SR09963905,0.0
SR09963906,0.0
SR09963907,0.0
SR09963908,0.0
SR09964401,0.0
SR09964501,0.0
SR09964502,1.0
SR09964503,0.0
SR09964504,0.0
SR09964505,0.0
SR09964506,0.0
SR09964507,0.0
SR09964601,0.0
SR09964602,1.0
SR09964603,0.0
SR09964604,1.0
SR09964605,1.0
SR09964606,1.0
SR09964607,1.0
SR09964701,0.0
SR09964702,0.0
SR09964901,0.0
SR09964902,0.0
SR09964903,0.0
SR09965601,0.0
SR09965901,0.0
SR09965902,0.0
SR09965903,0.0
SR09966401,0.0
SR09966402,0.0
SR09966403,0.0
SR09966404,0.0
SR09966405,0.0
SR09966501,1.0
SR09966801,0.0
SR09966802,0.0
SR09966803,0.0
SR09966804,0.0
SR09967201,0.0
SR09967301,0.0
SR09967302,0.0
SR09967303,0.0
SR09967304,0.0
SR09967401,0.0
SR09967402,0.0
SR09967403,0.0
SR09967404,0.0
SR09967405,0.0
SR09967406,0.0
SR09967407,0.0
SR09967501,0.0
SR09967502,0.0
SR09967503,0.0
SR09967504,0.0
SR09967505,0.0
SR09967506,0.0
SR09967701,0.0
SR09967702,0.0
SR09967703,0.0
SR09967801,0.0
SR09967802,0.0
SR09967803,0.0
SR09967901,0.0
SR09968201,0.0
SR09968202,0.0
SR09968203,0.0
SR09968204,0.0
SR09968205,0.0
SR09968206,0.0
SR09968207,0.0
SR09968301,0.0
SR09968302,0.0
SR09968401,0.0
SR09968402,0.0
SR09968403,0.0
SR09968503,0.0
SR09968504,0.0
SR09968601,0.0
SR09968604,0.0
SR09968605,0.0
SR09968606,0.0
SR09968609,0.0
SR09968610,0.0
SR09968611,0.0
SR09968612,0.0
SR09968613,0.0
SR09968614,0.0
SR09968615,0.0
SR09968616,0.0
SR09968617,0.0
SR09968701,0.0
SR09968901,0.0
SR09969001,0.0
SR09969002,0.0
SR09969003,0.0
SR09969004,0.0
SR09969005,0.0
SR09969007,0.0
SR09969101,0.0
SR09969102,0.0
SR09969103,0.0
SR09969201,0.0
SR09969202,0.0
SR09969203,0.0
SR09969205,0.0
SR09969208,0.0
SR09969211,0.0
SR09969215,0.0
SR09969216,0.0
SR09969217,0.0
SR09969218,0.0
SR09969219,0.0
SR09969223,0.0
SR09969224,0.0
SR09969226,0.0
SR09969302,0.0
SR09969307,0.0
SR09969308,0.0
SR09969402,0.0
SR09969404,0.0
SR09969406,0.0
SR09969407,0.0
SR09969501,0.0
SR09969601,0.0
SR09969602,0.0
SR09969603,0.0
SR09969604,0.0
SR09969605,0.0
SR09969606,0.0
SR09969607,0.0
SR09969901,0.0
SR09970001,0.0
SR09970002,0.0
SR09970101,0.0
SR09970102,1.0
SR09970103,1.0
SR09970301,0.0
SR09971001,0.0
SR09971002,1.0
SR09971101,1.0
SR09971102,0.0
SR09971103,0.0
SR09971104,1.0
SR09971105,0.0
SR09971106,0.0
SR09971107,0.0
SR09971301,0.0
SR09971401,0.0
SR09972001,0.0
SR09972002,0.0
SR09972003,1.0
SR09972004,0.0
SR09972005,0.0
SR09972006,0.0
SR09973001,0.0
SR09973002,0.0
SR09973401,0.0
SR09974001,0.0
SR09974002,0.0
SR09974003,0.0
SR09974004,0.0
SR09974005,0.0
SR09974006,0.0
SR09974007,0.0
SR09974008,0.0
SR09974009,0.0
SR09974010,0.0
SR09974101,0.0
SR09974801,0.0
SR09974802,0.0
SR09974803,0.0
SR09974804,0.0
SR09974901,0.0
SR09975001,0.0
SR09975002,0.0
SR09975101,0.0
SR09975102,0.0
SR09975401,0.0
SR09975501,0.0
SR09975502,0.0
SR09975503,0.0
SR09975504,0.0
SR09975505,0.0
SR09975506,0.0
SR09975601,0.0
SR09976001,0.0
SR09976101,0.0
SR09976102,0.0
SR09976103,0.0
SR09976104,0.0
SR09976105,0.0
SR09976201,0.0
SR09976202,0.0
SR09976301,0.0
SR09976302,0.0
SR09976401,1.0
SR09976402,0.0
SR09976403,0.0
SR09977201,0.0
SR09977202,0.0
SR09977205,0.0
SR09977206,0.0
SR09978201,0.0
SR09980403,0.0
SR09980405,0.0
SR09980406,0.0
SR09980407,0.0
SR09980408,0.0
SR09980409,0.0
SR09980410,0.0
SR09980411,0.0
SR09980412,0.0
SR09980413,0.0
SR09980502,0.0
SR09980503,0.0
SR09980601,0.0
SR09980701,0.0
SR09980702,0.0
SR09980703,0.0
SR09980704,0.0
SR09980705,0.0
SR09980706,0.0
SR09980707,0.0
SR09980801,0.0
SR09980802,0.0
SR09980803,0.0
SR09980804,0.0
SR09980805,0.0
SR09980806,0.0
SR09980807,0.0
SR09980808,0.0
SR09980809,0.0
SR09980810,0.0
SR09980811,0.0
SR09980812,0.0
SR09980901,0.0
SR09980902,0.0
SR09980904,0.0
SR09980905,0.0
SR09980906,0.0
SR09980907,0.0
SR09980908,0.0
SR09980909,0.0
SR09981201,0.0
SR09981501,0.0
SR09981502,0.0
SR09981701,0.0
SR09981702,0.0
SR09981703,0.0
SR09981704,0.0
SR09981705,0.0
SR09981706,0.0
SR09981707,0.0
SR09981801,0.0
SR09981802,0.0
SR09981803,0.0
SR09981804,0.0
SR09981805,0.0
SR09981806,0.0
SR09981807,0.0
SR09981808,0.0
SR09981809,0.0
SR09982201,0.0
SR09982202,0.0
SR09982203,0.0
SR09982204,0.0
SR09982205,0.0
SR09982206,0.0
SR09982207,0.0
SR09982208,0.0
SR09982209,0.0
SR09982210,0.0
SR09982211,0.0
SR09983001,0.0
SR09983101,0.0
SR09983102,0.0
SR09983103,0.0
SR09983201,0.0
SR09983901,0.0
SR09984001,0.0
SR09985801,0.0
SR09986001,0.0
SR09987102,0.0
SR09989901,0.0
SR09990001,0.0
SR09990002,0.0
SR09990003,0.0
SR09990004,0.0
SR09990005,0.0
SR09990006,0.0
SR09990007,0.0
SR09990008,0.0
SR09990009,0.0
SR09990201,0.0
SR09990202,0.0
SR09990203,0.0
SR09990601,0.0
SR09990701,0.0
SR09990901,1.0
SR09991201,0.0
SR09992901,0.0
SR09992902,0.0
SR09993901,0.0
SR09993902,0.0
SR09994901,0.0
SR09994902,0.0
SR09994903,0.0
SR09995901,0.0
SR09995902,0.0
SR09995903,0.0
SR09996901,0.0
SR09996902,0.0
SR09996903,0.0
SR09996904,0.0
SR09996905,0.0
SR09996906,0.0
SR09996907,0.0
SR09996908,0.0
SR09996909,0.0
SR09996910,0.0
SR09997901,0.0
SR09998201,0.0
SR10950601,0.0
SR10950701,1.0
SR10950702,0.0
SR10950703,0.0
SR10950704,0.0
SR10950705,0.0
SR10950901,0.0
SR10950902,0.0
SR10950903,0.0
SR10950904,0.0
SR10951601,0.0
SR10951602,0.0
SR10951901,0.0
SR10951902,0.0
SR10951903,0.0
SR10952701,0.0
SR10953701,0.0
SR10955901,0.0
SR10956902,0.0
SR10960001,0.0
SR10960002,0.0
SR10960003,0.0
SR10960004,0.0
SR10960005,0.0
SR10960006,0.0
SR10960007,0.0
SR10960008,0.0
SR10960101,0.0
SR10960102,0.0
SR10960103,0.0
SR10960104,0.0
SR10960105,0.0
SR10960106,0.0
SR10960107,0.0
SR10960201,0.0
SR10960203,0.0
SR10960204,0.0
SR10960205,0.0
SR10960301,0.0
SR10960302,0.0
SR10960303,0.0
SR10960701,0.0
SR10960702,0.0
SR10961001,0.0
SR10961002,0.0
SR10961003,0.0
SR10961004,0.0
SR10961005,0.0
SR10961006,0.0
SR10961007,0.0
SR10961008,0.0
SR10961101,0.0
SR10961102,0.0
SR10961103,0.0
SR10961104,0.0
SR10961105,0.0
SR10961106,0.0
SR10961107,0.0
SR10961108,0.0
SR10961201,0.0
SR10961202,0.0
SR10961203,0.0
SR10961204,0.0
SR10961205,0.0
SR10961206,0.0
SR10961301,0.0
SR10961302,0.0
SR10961303,0.0
SR10961304,0.0
SR10961601,0.0
SR10962101,0.0
SR10962102,0.0
SR10962103,0.0
SR10962104,0.0
SR10962201,0.0
SR10962202,0.0
SR10962203,0.0
SR10962204,0.0
SR10962205,0.0
SR10962206,0.0
SR10962207,0.0
SR10962208,0.0
SR10962209,0.0
SR10962210,0.0
SR10962212,0.0
SR10962301,0.0
SR10962302,0.0
SR10962501,0.0
SR10963101,0.0
SR10963102,0.0
SR10963103,0.0
SR10963201,0.0
SR10963202,0.0
SR10963203,0.0
SR10963204,0.0
SR10963205,0.0
SR10963206,0.0
SR10963301,0.0
SR10963302,0.0
SR10963303,0.0
SR10963304,0.0
SR10964101,0.0
SR10964201,0.0
SR10965001,0.0
SR10965002,0.0
SR10965003,0.0
SR10965004,0.0
SR10965201,0.0
SR10966501,0.0
SR10967001,0.0
SR10967002,0.0
SR10967003,0.0
SR10968101,0.0
SR10968102,0.0
SR10968103,0.0
SR10974501,0.0
SR11961501,0.0
SR07966404,0.0
SR09969221,0.0
SR09969222,0.0
SR08953107,0.0
SR09969405,0.0
SR09969502,0.0
SR07957802,0.0
SR07958809,0.0
SR09969401,0.0
SR09953608,0.0
SR09958908,0.0
SR09969209,0.0
SR06968906,0.0
SR09958911,0.0
SR09969225,0.0
SR09968502,0.0
SR09953607,0.0
SR10960207,0.0
SR08957605,0.0
SR08958403,0.0
SR07968706,0.0
SR09967202,0.0
SR07970403,0.0
SR08958301,0.0
SR09969006,0.0
SR09969207,0.0
SR08958306,0.0
SR10960208,0.0
SR09969304,0.0
SR09969303,0.0
SR09969227,0.0
SR09958907,0.0
SR09969008,0.0
SR08958501,0.0
SR08959308,0.0
SR07971601,0.0
SR07965708,0.0
SR09969206,0.0
SR07957803,0.0
SR07957703,0.0
SR08957608,0.0
SR06953802,0.0
SR09969204,0.0
SR07968517,0.0
SR08957607,0.0
SR09969230,0.0
SR08958302,0.0
SR09954601,0.0
SR07958808,0.0
SR06965601,0.0
SR09953605,0.0
SR09969210,0.0
SR09969305,0.0
SR09969228,0.0
SR09953604,0.0
SR07957801,0.0
SR08959315,0.0
SR08957610,0.0
SR09969301,0.0
SR10960206,0.0
SR08954101,0.0
SR09969214,0.0
SR06967904,0.0
SR09953606,0.0
SR09968501,0.0
SR06967905,0.0
SR07967408,0.0
SR07968707,0.0
SR07957705,0.0
SR06968905,0.0
SR07956802,0.0
SR08958304,0.0
SR08955101,0.0
SR08958303,0.0
SR08955102,0.0
SR07957704,0.0
SR09969220,0.0
SR08958305,0.0
SR09952601,0.0
SR07968516,0.0
SR08972306,0.0
SR09969503,0.0
SR09980903,0.0
SR08958404,0.0
SR08958201,0.0
SR08957606,0.0
SR06968907,0.0
SR07957701,0.0
SR08958405,0.0
SR08959307,0.0
SR09969213,0.0
SR09969306,0.0
SR07957702,0.0
SR07971801,0.0
SR07968801,0.0
SR09969212,0.0
SR10960202,0.0
SR08958307,0.0
SR09969104,0.0
SR08959201,0.0
SR09951703,0.0
SR09969229,0.0
SR09953601,0.0
