node_id,rg_id
10832,248
10833,248
10832,249
10833,249
10879,249
43922,249
10576,249
10578,249
10578,249
10634,249
10634,249
43922,250
10578,250
10766,250
10832,264
10833,264
44034,264
44455,265
43323,265
41289,265
43529,265
43324,265
43325,265
43326,265
43327,265
5963,265
43330,265
43331,265
10578,265
43535,265
43053,265
43332,265
43536,265
43333,265
43537,265
43055,265
43537d1,265
43538,265
43539,265
10634,265
43338,265
43540d1,265
10797,265
43540d2,265
43340,265
43541d1,265
10832,265
43541d2,265
41174,265
43542,265
43543,265
43346,265
43347,265
43549,265
43348,265
43550,265
41862,265
43563,265
43564,265
43565,265
43565d1,265
43566,265
43567,265
43569,265
43368,265
43369,265
43370,265
43371,265
43372,265
43314,265
43315,265
43316,265
43317,265
43318,265
43319,265
43320,265
43321,265
43322,265
43563,266
43566,266
10578,266
10610,266
10611,266
10613,266
43310,266
43311,266
10766,266
43312,266
43313,266
43176,266
10797,266
43314,266
43177,266
43178,266
43179,266
43180,266
43181,266
43182,266
43183,266
43184,266
43185,266
43186,266
43187,266
43188,266
43189,266
43593,266
43059,266
43060,266
43597,266
43061,266
43062,266
43333,266
43334,266
43063,266
43335,266
43336,266
43337,266
43603,266
43338,266
43604d1,266
43604d2,266
43605d1,266
43605d2,266
43606,266
43608,266
43609,266
43610,266
43611d1,266
43611d2,266
43612,266
43613d1,266
43613d2,266
43614d1,266
43086,266
43373,266
43099,266
43374,266
43375,266
43376,266
43377,266
43378,266
43379,266
43380,266
43108,266
43111,266
43387,266
43388,266
43389,266
43551,266
43552,266
43555,266
43556,266
43557,266
43558,266
43559,266
43015,266
43560,266
43562,266
10610,267
10611,267
42045,280
40936,280
40937d1,280
40937d2,280
40939,280
40940,280
40941,280
40942,280
40946,280
40947,280
42084,280
40980,280
40984,280
40985,280
40986,280
40987,280
40989,280
42111,280
40990d1,280
42112,280
40990d2,280
42113,280
40991,280
42114,280
40992,280
42115,280
40993,280
40994,280
40995,280
40996,280
40997,280
42119,280
40998,280
40999,280
41000,280
41001,280
41002d1,280
41002d2,280
41004,280
41005,280
41006,280
41007,280
41008,280
41009,280
41010,280
41011,280
41012,280
41014,280
41015,280
41016,280
41017d1,280
41017d2,280
42156,280
42173,280
42255,280
42262,280
42263,280
42265,280
42266,280
42267,280
42269,280
42270,280
42271,280
42272,280
42273,280
42274,280
42277,280
42281,280
44606,280
M_0170,280
42283,280
44602,280
M_0166,280
44605,280
42285,280
42286,280
42287,280
8146,280
AQU025,280
41170,280
41171,280
41172,280
41174,280
41175,280
41176,280
41178,280
41179,280
41183,280
41184,280
41188d1,280
41188d2,280
41189,280
41190,280
41192,280
41193,280
41194,280
41196,280
M_0069,280
M_0072,280
M_0073,280
M_0076,280
M_0077,280
41201,280
M_0078,280
41202,280
M_0079,280
M_0167,280
M_0080,280
M_0081,280
M_0082,280
M_0085,280
M_0086,280
40074,280
M_0087,280
6133,280
M_0089,280
6137,280
M_0090,280
40075,280
M_0093,280
Brouwersvliet OV1,280
M_0095,280
Brouwersvliet OV5,280
M_0096,280
M_0097,280
M_0100,280
M_0104,280
M_0105,280
M_0108,280
M_0113,280
M_0120,280
M_0121,280
M_0124,280
41221,280
41222,280
41223,280
42408,280
42410,280
42413d1,280
42413d2,280
42416,280
M_0161,280
M_0201,280
40143,280
42449,280
40144,280
RI3A107_IP01,280
RI3A107_IP01',280
RI3A107_IP02,280
RI3A107_IP03,280
RI3A107_IP06,280
40154,280
RI3A107_IP07,280
RI3A107_IP07',280
RI3A107_IP08,280
RI3A107_IP10,280
42470,280
42471,280
42472,280
42473,280
42474,280
41281,280
42475,280
41282d1,280
41282d2,280
41283,280
41298d1,280
41298d2,280
41302,280
RI3A136_D06d1,280
RI3A136_D07,280
RI3A136_D08,280
RI3A136_D09,280
RI3A136_D10,280
RI3A136_D11,280
RI3A136_D12,280
RI3A136_R01,280
RI3A136_R02,280
RI3A136_R03,280
RI3A136_R4,280
RI3A136_R5,280
40229,280
44015,280
44033,280
44034,280
40265,280
41358,280
41359,280
42604,280
42605,280
42606,280
42610,280
42611,280
42612,280
42613,280
42614,280
42615,280
42617,280
42618,280
42619,280
42620,280
42621,280
42623,280
42624,280
42625,280
42626,280
42627,280
42628,280
42633,280
42636,280
41410,280
41411,280
40315,280
41413,280
41414,280
41416,280
41417,280
41418,280
41419,280
41420,280
42656,280
RI3AA002_IP03,280
42663,280
42665,280
42666,280
42668,280
41432,280
RI3AA002_IP11,280
42670,280
41433,280
42671,280
41434,280
42671,280
42674,280
42675,280
42679,280
41438,280
42680,280
41439,280
42681,280
41440,280
41441,280
41442,280
41443d1,280
41443d2,280
40348,280
41455,280
40351d1,280
41460,280
40351d2,280
42707,280
41461,280
40352d1,280
42708,280
41462,280
40352d2,280
42709,280
41463,280
42711,280
41464,280
42713,280
41465,280
44601,280
M_0163,280
44603,280
41467,280
41468,280
41469,280
40373,280
42724,280
41471,280
40374,280
42725,280
41472,280
42728,280
41473,280
42730,280
41474,280
42731,280
41475,280
42732,280
41476,280
42734,280
41477,280
42735,280
41478,280
42743,280
41479,280
42747,280
41479d2,280
42748,280
41480,280
42749,280
41481,280
42751,280
41482,280
42752,280
41483,280
42754,280
41484,280
42756,280
40395d1,280
40395d2,280
40396d2,280
40412,280
40414,280
40416,280
40430,280
40430d2,280
40438,280
40440,280
40453,280
40456,280
40457,280
40458,280
40459d1,280
40460,280
40461,280
40462,280
40471,280
Brouwersvliet OV1,280
Brouwersvliet OV5,280
40477,280
40478,280
40480,280
40481,280
40482,280
40483,280
40484,280
40487,280
40488,280
40496,280
42889,280
6129,280
42890,280
Brouwersvliet OV5,280
42892,280
42893,280
42894,280
42895,280
42896,280
42901,280
41598,280
41599,280
41600,280
41601d1,280
41601d2,280
44375,280
44376,280
41608,280
41609,280
41610,280
40514d1,280
40514d2,280
41611,280
40515,280
44406,280
44419,280
44420,280
44421,280
44422,280
44423,280
44424,280
44425,280
44426,280
41666,280
41667,280
41668,280
41669,280
41670,280
41671,280
41672d1,280
41672d2,280
41673,280
41674,280
41675,280
41676,280
41677,280
41678,280
41679,280
41680,280
40568,280
40570,280
41683,280
41701d1,280
41724,280
40623,280
40624,280
40625,280
40626,280
40627,280
40629,280
40630,280
40657,280
6005,280
40658,280
6026,280
41778,280
40661,280
6029,280
41779,280
40662,280
6031,280
41780,280
6057,280
41792d1,280
6077,280
41792d2,280
6080,280
41792d3,280
6095,280
41793,280
41794,280
41795d1,280
41795d2,280
41796d1,280
41796d2,280
41797,280
41798d1,280
41798d2,280
41799,280
41801,280
41802,280
41803,280
6652,280
6654,280
6699,280
6704,280
6705,280
41840,280
41841,280
41842,280
40726,280
40727,280
40728,280
40729,280
Ruien fase 5 OV1,280
40730,280
M_0165,280
40731,280
44604,280
40732d1,280
41861,280
40732d2,280
40733,280
41863,280
40734,280
40736,280
40737,280
40739,280
40741d1,280
40741d2,280
40742d1,280
40742d2,280
40743,280
40744,280
40746,280
40747,280
40748,280
40752,280
40753,280
41889,280
41890,280
41892d1,280
41892d2,280
41893,280
41897,280
41898,280
41899,280
40768d1,280
40768d2,280
M_0167,280
40769,280
40770,280
40771,280
40772,280
40777,280
40780,280
40784,280
40785,280
41926,280
41927,280
41929,280
41934,280
41935,280
41936,280
41936d1,280
41937,280
41938,280
41939,280
41939d1,280
41940,280
41941,280
41942,280
41943,280
41944,280
41945,280
41958,280
41959,280
41960,280
40841,280
40842,280
41962,280
41963,280
41964,280
41965,280
41966,280
41967,280
41968,280
40854,280
41969,280
41981,280
41982,280
41983,280
41984,280
41985,280
41986,280
40881,280
40883,280
40886,280
40887,280
40888,280
40889,280
40890,280
6127,280
6128,280
42024,280
43360,281
40927,281
43361,281
40928,281
43362,281
6133,281
43363,281
6133,281
43364,281
40931,281
43365,281
40933,281
43366,281
40934,281
43367,281
40935,281
43368,281
40936,281
40938d1,281
43372,281
40939,281
40943,281
40945,281
40949,281
40950,281
RI3A141_DK3,281
40954,281
40955,281
RI3A146_IP01,281
40957,281
40958d1,281
40958d2,281
40959d1,281
40960,281
40961,281
40962,281
40963d1,281
40963d2,281
40964,281
40965d1,281
40965d2,281
40966,281
40967,281
40836,281
40968,281
40969,281
40970,281
40971,281
42086,281
43405d1,281
40971,281
43405d2,281
40973,281
40974,281
40975,281
43408,281
40976,281
40977,281
40978d1,281
40978d2,281
40979,281
40993,281
43427,281
43429,281
40995,281
43430,281
40996,281
42118d1,281
43431,281
42118d2,281
43432,281
43433,281
43434,281
43435,281
43436,281
42123,281
43437,281
43438,281
43439,281
43440,281
43442,281
43443,281
43444,281
43446,281
43447,281
43448,281
43448d1,281
41013,281
43449,281
43450,281
43451,281
41016,281
43452,281
43453,281
41018,281
43454,281
40836,281
43455,281
43456,281
41020d1,281
42143,281
41020d2,281
43457,281
43458,281
41021,281
43459,281
41022,281
43460,281
41022d2,281
43461,281
41023,281
43462,281
41023d1,281
43463,281
41024,281
43464,281
41025,281
43465,281
41026,281
43466,281
41027,281
43467,281
41028,281
43468,281
41029,281
43469,281
41030,281
43470,281
41031,281
43471,281
41034,281
43472,281
43473,281
43474,281
43476,281
43477,281
43478,281
43479,281
43480,281
43481,281
43482,281
42185d1,281
42185d2,281
43485,281
42186,281
43486,281
42187,281
42188,281
42189d1,281
42189d2,281
42190,281
42191,281
42192,281
43508,281
42249,281
Brouwersvliet OV2,281
6137,281
42251,281
42871,281
42255,281
43529,281
43530,281
43531d1,281
42275,281
43531d2,281
42276,281
43532d1,281
42277,281
43532d2,281
42278,281
43533,281
42279,281
43534,281
42280,281
42281,281
44606,281
43537,281
M_0170,281
43537d1,281
44506,281
43540d2,281
42299,281
44628,281
M_0187,281
44629,281
42300,281
44630,281
44523,281
44631,281
42301,281
44632,281
M_0190,281
44633,281
42302,281
43564,281
44634,281
43565,281
M_0190,281
44635,281
41137,281
43566,281
42303,281
41138,281
42304,281
40754dd2,281
43571,281
44638,281
43572,281
44639,281
43572d2,281
42307d1,281
43574,281
42307d2,281
43575,281
42308,281
40754dd3,281
43577,281
3583,281
42312,281
43579,281
Brouwersvliet OV3,281
43581,281
6144,281
42313,281
42314,281
42315,281
43584,281
42316,281
42322,281
43587,281
42323,281
42324,281
42325,281
42326,281
42327,281
42328,281
42329,281
42330,281
41169,281
42331,281
42332,281
42333,281
43596,281
41174,281
3641,281
42334,281
42337,281
42339,281
43600,281
42340,281
42341,281
42342,281
42343,281
41185,281
42344,281
40540,281
42345,281
41186,281
42346,281
44458,281
40039,281
42348,281
40040,281
41187,281
42349,281
42350,281
40041,281
M_0053,281
42351,281
40042,281
M_0054,281
40043,281
42352,281
M_0055,281
40044,281
42353,281
M_0056,281
40045,281
42354,281
M_0057,281
40046,281
M_0059,281
RI3A141_DK3,281
M_0061,281
M_0064,281
41195,281
M_0066,281
41197d1,281
41198,281
41199,281
41200,281
41201,281
41202,281
M_0167,281
41203,281
41203d2,281
41204,281
41205d1,281
40074,281
41205d2,281
41206,281
6133,281
6137,281
41207d1,281
41207d2,281
M_0090,281
43625,281
41208,281
42406,281
41224,281
41224,281
43639,281
41225,281
41226,281
41227,281
41228,281
41229,281
41230,281
41231,281
41232,281
42419,281
42420,281
M_0195,281
M_0196,281
M_0197,281
40126,281
40127,281
42447,281
42448,281
42451,281
42451d2,281
RI3A107_IP03,281
RI3A107_IP08,281
42472,281
42474,281
42479,281
44614,281
42848,281
41284,281
44615,281
41285,281
42480,281
41287,281
44621,281
40981,281
40981,281
41288,281
44622,281
M_0186,281
42481,281
44625,281
42482,281
44627,281
42872,281
41289,281
42483,281
41290,281
42486,281
41292d1,281
42487,281
41292d2,281
42489,281
41294d1,281
42490,281
41294d2,281
44487,281
41296,281
41297,281
42491,281
41297d2,281
42492,281
42493,281
42494,281
42495,281
41301,281
42496,281
42497,281
42498,281
42499,281
42500,281
42501,281
42502,281
42504,281
42505,281
42507,281
42508,281
42509,281
42510,281
RI3A136_D06d1,281
RI3A136_D07,281
42513,281
RI3A136_D09,281
42514,281
42515,281
42516,281
42517,281
RI3A136_R01,281
RI3A136_R02,281
RI3A141_DK1,281
RI3A141_DM1,281
RI3A141_DM1,281
RI3A141_DM2,281
RI3A141_DV2,281
RI3A141_RK1,281
RI3A141_RK2,281
RI3A141_RM1,281
RI3A141_RM2,281
RI3A141_RV2,281
40238,281
40239,281
40240,281
40241,281
42567,281
41360,281
41361,281
RI3A146_IP01,281
RI3A146_IP02,281
RI3A146_IP03,281
RI3A146_IP04,281
RI3A146_IP05,281
RI3A146_IP06,281
RI3A146_IP07,281
42608,281
RI3A146_IP08,281
RI3A146_IP09,281
RI3A146_IP10,281
42614,281
40294d1,281
40294d2,281
42629,281
42630,281
42631,281
42636,281
42651,281
42652,281
42653,281
42684d1,281
42684d2,281
40348,281
40349,281
42708,281
42711,281
42713,281
42714,281
42715,281
42717,281
42718,281
RI3BA007_DWA4,281
42719,281
40371,281
41469,281
42720,281
41470,281
42722d1,281
41471,281
42724,281
RI3BA007_RWA5,281
42762,281
42763,281
40427,281
Brouwersvliet OV12a,281
40428,281
40429,281
40431,281
40432,281
40439,281
40440,281
40441,281
40442,281
42847,281
42850d1,281
42850d2,281
42851,281
42854,281
44531,281
42873,281
40453,281
Brouwersvliet OV3,281
40454,281
6151,281
40455,281
42873,281
6152,281
Brouwersvliet OV11,281
40458,281
42873,281
40459d1,281
6154,281
Brouwersvliet OV11,281
42858,281
42873,281
40463,281
Brouwersvliet OV3,281
40464,281
6148,281
40465,281
42860,281
40466,281
42860,281
40467,281
40468,281
40469,281
40470,281
40754dd3,281
3641,281
40754dd3,281
40754dd3,281
42868,281
40473,281
6133,281
6137,281
Brouwersvliet OV6a,281
6139,281
Brouwersvliet OV6,281
42870,281
6136,281
6137,281
42871,281
6139,281
6137,281
42872,281
40489,281
Brouwersvliet OV3,281
44487,281
6140,281
40489d1,281
42873,281
40489d2,281
Brouwersvliet OV3,281
40490d1,281
6146,281
40490d2,281
42874,281
40491,281
Brouwersvliet OV3,281
40492,281
6144,281
40493,281
40494,281
40495,281
40499,281
40500,281
40501,281
40501,281
40502,281
40503,281
42900,281
40504,281
40505,281
42902,281
40508,281
40509,281
40510,281
40511,281
40512,281
44549,281
RI3A141_DK4,281
M_0174,281
44607,281
44550,281
44377,281
40513d2,281
44378,281
44608,281
44529,281
44609,281
40516,281
44379,281
40518,281
44610,281
40520,281
44529,281
40521,281
44611,281
44380,281
44381,281
M_0179,281
44612,281
40529,281
44613,281
40530,281
44384,281
40531,281
44385,281
40532,281
44386,281
40533,281
44387,281
40534,281
44388,281
Ruien fase 5 OV10,281
44390,281
M_0196,281
44391,281
40754dd3,281
44392,281
44600,281
44395,281
3641,281
44396,281
44600,281
42980,281
40537,281
3702,281
40538,281
Brouwersvliet OV12a,281
42984,281
40539,281
44510,281
42985,281
40540,281
42986,281
40541,281
42987,281
40540,281
40542,281
Brouwersvliet OV4a,281
42990,281
40543,281
42991d1,281
40544,281
42991d2,281
41662d1,281
42995,281
42871,281
42996,281
41662d2,281
42998,281
42871,281
42999d1,281
41664,281
42999d2,281
43000,281
43002,281
43003d1,281
43003d2,281
43004,281
43005d1,281
43005d2,281
43006,281
43007,281
43008,281
43009,281
43011,281
44455,281
44457,281
Ruien fase 5 OV15,281
44458,281
41680,281
40569,281
44460,281
41683,281
44476,281
Ruien fase 5 OV14,281
44478,281
44479,281
43023,281
44513,281
44480,281
44478,281
Ruien fase 5 OV14,281
44481,281
44482d2,281
43031,281
44478,281
43032,281
44483,281
43033,281
41700,281
44481,281
43035,281
41701d1,281
44484,281
43036,281
41701d2,281
44500,281
43037,281
44487,281
43038,281
Ruien fase 5 OV12,281
43039,281
Ruien fase 5 OV12,281
43040,281
44509,281
43041,281
44488,281
43042,281
43044,281
43045,281
43046,281
40595d2,281
40601,281
40602,281
44516,281
43054,281
43055,281
44516,281
43065,281
44500a,281
44500,281
44525,281
44526,281
43076d1,281
43076d2,281
43077,281
43078,281
43079,281
40631,281
43080,281
40632,281
43081,281
5917,281
40634,281
40635,281
40636,281
5924,281
40637,281
5925,281
40638,281
5956,281
43087,281
40639,281
5958,281
43088,281
40640,281
Brouwersvliet OV12a,281
40641,281
5960,281
40642,281
5963,281
40643,281
5975,281
5977,281
5979,281
5986,281
5987,281
5989,281
5993,281
6080,281
43103d1,281
6147,281
6150,281
43106,281
40672,281
43107,281
40673,281
40674,281
43109,281
40675,281
40676,281
Ruien fase 5 OV17,281
40677,281
44516,281
40678,281
40680,281
40681,281
43116,281
40682,281
43117,281
40684,281
43118,281
40685,281
40686,281
40687,281
43122,281
40688,281
43124d1,281
40689,281
6154dd,281
41809,281
42873,281
40692,281
44487,281
40693,281
40694,281
40696,281
40697,281
40698,281
40699,281
40700d1,281
43137,281
40700d2,281
40701,281
41822,281
40702d1,281
6484,281
41823,281
40702d2,281
44516,281
40705,281
6563,281
41825,281
40706,281
6578,281
41826,281
6588,281
40707,281
41827,281
40708,281
6589,281
40709,281
6644,281
40710,281
40711,281
40712,281
40713,281
40714,281
40715,281
40716,281
40717,281
40718,281
40719,281
40720,281
40721,281
40722,281
40723d1,281
40723d2,281
40724,281
40725,281
41851,281
41857,281
41862,281
41864,281
41865,281
40738d1,281
41866,281
40738d2,281
41874,281
40745,281
40749,281
3740,281
40895,281
3573,281
40754dd1,281
3478,281
72722d2,281
40754dd1,281
3478,281
40755,281
41892d2,281
40756,281
41893,281
41896,281
40761,281
40762,281
40764,281
40765,281
40766,281
40767,281
M_0167,281
41913,281
42848a,281
M_0183,281
44616,281
41914d1,281
Brouwersvliet OV12,281
44617,281
Brouwersvliet OV12a,281
M_0184,281
44618,281
41914d2,281
44619,281
M_0185,281
44620,281
41915d1,281
41915d2,281
40788,281
44623,281
40789,281
44522,281
40790,281
44624,281
41916d1,281
41916d2,281
41917,281
44637,281
43238,281
41032,281
44636,281
41918,281
41919,281
40754dd2,281
3614,281
44642,281
44643,281
40754dd2,281
3614,281
44640,281
40971,281
44641,281
41921,281
41922,281
41923,281
41924,281
41930,281
41931,281
42873,281
Brouwersvliet OV3,281
Brouwersvliet OV9,281
41933,281
3740,281
40835,281
44510,281
40836,281
40840,281
43292,281
40855,281
40858,281
Brouwersvliet OV3,281
Brouwersvliet OV7,281
41992,281
41993,281
40891,281
42873,281
40892d1,281
40892d2,281
40893,281
42003,281
43328,281
42873,281
43329,281
40894d1,281
42312,281
43331,281
40894d2,281
43332,281
42873,281
43333,281
40895,281
3573,281
40897,281
42855,281
40898,281
43339,281
43340,281
43341,281
43342,281
43343,281
43344,281
43345,281
43348,281
40912,281
43349,281
40913,281
43350,281
40914,281
43351,281
40915,281
43352,281
40916,281
43353,281
42032,281
40917,281
43354,281
42033,281
40919,281
43355,281
42034,281
40920,281
43356,281
40921,281
43357,281
40922,281
43358,281
40924,281
43359,281
40926,281
10610,282
43379,282
43380,282
43381,282
43382,282
43383,282
43384,282
43385,282
43386,282
43390,282
43391,282
43392,282
43393,282
43394,282
43395,282
43396,282
43397,282
43398,282
43399,282
43400,282
43401,282
43402,282
43403,282
43404,282
43406,282
43407,282
43408,282
43409,282
43410,282
43411,282
43412,282
43413,282
43414,282
43415,282
43416,282
43417,282
43419,282
43420,282
43421,282
43422,282
43423,282
43424,282
43425,282
43426,282
43430,282
43459,282
43472,282
43473,282
43474,282
43475,282
43476,282
43477,282
43478d2,282
43479,282
43480,282
43482,282
43483,282
43484,282
43486,282
43488,282
43489,282
43490,282
43491,282
43493,282
43494,282
43495,282
43497,282
43498,282
43499,282
43500,282
43501,282
43502,282
43504,282
43505,282
43506,282
43507,282
43508,282
43509,282
43510,282
43511,282
43512,282
43513,282
43514,282
43515,282
43516,282
43517,282
43518,282
43519,282
43520,282
43521,282
43522,282
43523,282
43524,282
43526,282
43527,282
43528,282
43545,282
43546d1,282
43560,282
43566,282
43571,282
31768,282
31769,282
43574,282
31770,282
43575,282
31773d1,282
43576,282
31773d2,282
31792,282
43578,282
31793,282
31794,282
31809,282
43582,282
31811,282
43583d1,282
31955,282
43583d2,282
31956,282
31957,282
43585,282
31958,282
43586d1,282
31972d1,282
43586d2,282
31972d2,282
43587,282
31973d1,282
43588,282
31973d2,282
43589,282
31976,282
43590,282
32000,282
43591d1,282
32108,282
43591d2,282
32136,282
43592,282
32264,282
43593,282
32265,282
43594d1,282
32284,282
32285,282
43595,282
43598,282
43599,282
43601,282
43602,282
43603,282
43604d1,282
43605d1,282
43605d2,282
43606,282
43613d1,282
43614d1,282
43614d2,282
43615d1,282
43615d2,282
43616,282
43617d1,282
43617d2,282
43618,282
43619d1,282
43619d2,282
43620,282
43621,282
43621d2,282
43622,282
43623d1,282
43624,282
43625d1,282
43625d2,282
43626,282
43627,282
43628,282
43629d1,282
43629d2,282
43630d1,282
43630d2,282
43631,282
43632,282
43633,282
43634,282
43635,282
43636,282
43637,282
43638,282
43640,282
43641,282
43642,282
43643,282
43644,282
43645,282
43646,282
43647,282
43648,282
43649,282
43650,282
43651,282
43653,282
43654,282
43655,282
43656,282
43657,282
43658,282
43659,282
43662,282
43663,282
43664,282
43666,282
43667,282
43668,282
43669,282
43670,282
43671,282
43672,282
43673,282
43674,282
43675d1,282
43675d2,282
43676,282
43677,282
43678,282
43679,282
43680,282
43681,282
43682,282
43683,282
43684,282
43685,282
43685d2,282
43686,282
43687,282
43690,282
43691,282
43692,282
43693,282
43694,282
43695,282
43696,282
43697,282
43698,282
43699d1,282
43699d2,282
43700,282
43702,282
43704,282
43704d2,282
43705,282
43706,282
43707,282
43708d1,282
43708d2,282
43709,282
43710,282
43711,282
43712,282
43713,282
43714,282
43715,282
43716d1,282
43716d2,282
43717,282
43718,282
43719,282
43720d1,282
43721,282
43722,282
43723,282
43724,282
43725,282
43726d1,282
43726d2,282
43727,282
43728,282
43729,282
43730,282
43731,282
43732,282
43733,282
43734,282
43735,282
43736,282
43737,282
43738,282
43739d1,282
43740d1,282
43741,282
43742,282
43743,282
43744,282
43745,282
43746,282
43747,282
43748d1,282
43749,282
43750,282
43751,282
43954d2,282
42623d2,282
42955d1,282
42955d2,282
42959,282
42960,282
42961,282
42962,282
42963,282
42964,282
42965,282
42966d1,282
42966d2,282
42967d1,282
42967d2,282
42968,282
42969,282
42970,282
42971,282
42973,282
42974,282
42976,282
42977d1,282
42977d2,282
42978,282
42979,282
42981,282
42982d1,282
42983,282
42984,282
42985,282
42986,282
42987,282
42989,282
42992,282
42993,282
42994,282
42996,282
43000,282
43005d2,282
43008,282
43011,282
43012,282
43013,282
43014,282
43017,282
43018,282
43019,282
43020,282
43021,282
43022,282
43023,282
43024,282
43027,282
43028,282
43030,282
43042,282
43044,282
43045,282
43046,282
43047d1,282
43048,282
43050,282
43051,282
43052,282
43056,282
43064,282
43066,282
43067d1,282
43068,282
43069,282
43070,282
43071,282
43072,282
43073,282
43074,282
43075,282
43078,282
43079,282
43082,282
43083,282
43084,282
43085,282
43086,282
43087,282
43089,282
43090,282
43091,282
43092,282
43093,282
43094d1,282
43094d2,282
43095,282
43096d1,282
43096d2,282
43097,282
43098,282
43099,282
43100,282
43101d1,282
43101d2,282
43102,282
43104,282
43105,282
43109,282
43110,282
43111,282
43112,282
43113,282
43114,282
43116,282
43119,282
43120,282
43126,282
43128,282
43129,282
43130,282
43131,282
43132,282
43133,282
43134,282
43135,282
43136,282
43138,282
43139,282
43140,282
43141,282
43142,282
43143,282
43144,282
43145,282
43146,282
43147,282
43148,282
43149,282
43150,282
43151,282
43152,282
43153,282
43154,282
43156,282
43157,282
43159,282
43160,282
43161,282
43162,282
43163,282
43164,282
43165,282
43166,282
43167,282
43168,282
43169,282
43170,282
43171,282
43172,282
43173,282
43174,282
43176,282
43185,282
43186,282
43187,282
43188,282
43189,282
43190,282
43191,282
43192,282
43193,282
43194,282
43195,282
43196,282
43197,282
43198,282
43199,282
43200,282
43201,282
43202,282
43203,282
43204,282
43205,282
43206,282
43207,282
43208,282
43209,282
43210,282
43211,282
43212,282
43213,282
43215,282
43216,282
43217,282
43218,282
43219,282
43220,282
43221,282
43222,282
43223,282
43224,282
43225,282
43226,282
43227,282
43228,282
43229,282
43230,282
43231,282
43232,282
43234,282
43235,282
43236,282
43237,282
43239,282
43240,282
43241,282
43242,282
43243,282
43244,282
43245,282
43246,282
43247,282
43248,282
43249,282
43250,282
43251,282
43252,282
43253,282
43254,282
43255,282
43256,282
43257,282
43258,282
43259,282
43260,282
43261,282
43262,282
43263,282
43264,282
43265,282
43266,282
43267,282
43268,282
43270,282
43271,282
43272,282
43273,282
43274,282
43275,282
43276,282
43277,282
43278,282
43279,282
43280,282
43281,282
43282,282
43283,282
43284,282
43285,282
43286,282
43287,282
43288,282
43289,282
43290,282
43291,282
43293,282
43294,282
43295,282
43296,282
43297,282
43300,282
43301,282
43302,282
43303,282
43304,282
43306,282
43307,282
43339,282
43350,282
10610,283
10611,283
6956,295
6958,295
6960,295
41758,295
40798,295
40799,295
41546,295
44097,295
42073,295
42074,295
41371,295
41372,295
41630,295
40804,295
41395,295
41631,295
42041,296
42046,296
42059,296
42060,296
42061,296
42062,296
42064,296
42065d1,296
42065d2,296
42066d1,296
42066d2,296
42067,296
42068,296
42069,296
42070,296
42071d1,296
42071d2,296
42072,296
42075,296
42076,296
42088,296
42089,296
42104,296
42105,296
42106,296
42107,296
42108,296
42109d1,296
42109d2,296
42110d1,296
42110d2,296
42111,296
42116,296
42119,296
42120,296
42122,296
42153,296
42154,296
42155,296
42157,296
42158,296
41037,296
42172,296
41038,296
42173,296
41039,296
42174,296
42176,296
41042,296
42182,296
42183,296
41062,296
41063,296
41065,296
42224,296
42227,296
42228,296
42229,296
41078,296
42247,296
41079,296
41080,296
42248,296
41081,296
41082,296
41084,296
41085,296
41087,296
41088,296
41089,296
41101,296
41102,296
41104,296
41105,296
41107,296
41108,296
41109,296
41110,296
41111,296
41113,296
41117d1,296
41117d2,296
41118,296
41119,296
41120,296
41121,296
41122,296
41123,296
41124,296
41126,296
41127,296
41128,296
41129,296
41130,296
41131,296
41132,296
41133,296
41134,296
41149,296
41150,296
41151,296
41152,296
41153,296
41154,296
41155,296
41156d1,296
41156d2,296
41157,296
41158,296
41159,296
41161,296
41162,296
41162d2,296
41164,296
41165,296
41166,296
41168,296
M_0028,296
M_0031,296
M_0032,296
M_0033,296
M_0034,296
M_0035,296
M_0039,296
M_0041,296
M_0042,296
M_0043,296
M_0044,296
42368,296
42369,296
41209,296
41210,296
41211,296
41212,296
41213,296
41214,296
41215,296
41216,296
41217,296
40088,296
40089,296
41218,296
40090,296
41219,296
41220,296
40091,296
40094,296
40095,296
40096,296
40097,296
40098,296
40099,296
42411,296
40100,296
42412,296
40101,296
40104,296
40106,296
40107,296
40108,296
42417,296
40109,296
40110,296
40111,296
42422,296
42424,296
42425,296
42426,296
40116,296
42427,296
40117,296
40118,296
42428,296
40119,296
42429,296
41242,296
40120,296
41243,296
40121,296
41244,296
RI3A106_R1,296
RI3A106_R10,296
RI3A106_R12,296
RI3A106_R13,296
RI3A106_R14,296
42442,296
RI3A106_R15,296
42444,296
RI3A106_R16,296
RI3A106_R2,296
RI3A106_R5,296
RI3A106_R5B,296
RI3A106_R9,296
41258,296
40149,296
41258d1,296
40150,296
41260,296
40151,296
42454,296
41261,296
40152,296
41269,296
40153,296
41270,296
41271d1,296
40155,296
41271d2,296
40156,296
41271d3,296
40159,296
41272,296
40160,296
41273,296
41274,296
41275,296
41276d1,296
41276d2,296
41277,296
41278,296
41315,296
41316,296
41317,296
41318,296
41319,296
41325,296
40244,296
40260,296
40262,296
40263,296
40264,296
41357d1,296
40265,296
41357d2,296
40266,296
40269,296
40270,296
40271,296
41362,296
42574,296
41363,296
42575,296
41364,296
41365,296
41366,296
42584d1,296
41367,296
42584d2,296
41368,296
41369,296
41370,296
41371,296
40283,296
40285,296
RI3A147_S01d,296
40287,296
RI3A147_S01rdd,296
40287,296
RI3A147_S02,296
RI3A147_S03,296
40289,296
RI3A147_S04,296
40290,296
RI3A147_S05,296
40291,296
41386,296
RI3A147_S07,296
41387,296
RI3A147_V01d,296
RI3A147_V01rdd,296
RI3A147_V02,296
RI3A147_V03,296
RI3A147_V04,296
41392,296
RI3A147_V03,296
41393,296
41394,296
41396,296
41397,296
42637,296
42639,296
42640,296
42641,296
42642,296
42644,296
42645,296
42646,296
42654,296
42655,296
42660,296
RI3AA002_IP02,296
42661,296
41427,296
RI3AA002_IP03,296
41428,296
RI3AA002_IP04,296
41429,296
RI3AA002_IP05,296
41430,296
RI3AA002_IP07,296
41431,296
RI3AA002_IP10,296
RI3AA002_IP11,296
RI3AA002_IP12,296
RI3AA002_IP13,296
41435,296
RI3AA002_IP14,296
41436,296
41437,296
41438,296
41452d2,296
40352d1,296
40352d2,296
40353,296
40354,296
40355,296
RI3BA015_IP01,296
RI3BA015_IP02,296
RI3BA015_IP03,296
RI3BA015_IP04,296
RI3BA015_IP05,296
40387,296
RI3BA015_IP06,296
40388,296
RI3BA015_IP06a,296
40389,296
RI3BA015_IP07,296
40390,296
RI3BA015_IP07a,296
40391,296
RI3BA015_IP08,296
40393,296
RI3BA015_IP09,296
40394,296
40395d1,296
RI3BA015_IP10,296
RI3BA015_IP10a,296
RI3BA015_IP11,296
40396d1,296
RI3BA015_IP12,296
40396d2,296
RI3BA015_IP13,296
40397,296
40398,296
RI3BA015_IP13a,296
41495,296
RI3BA015_IP14,296
42773,296
RI3BA015_IP15,296
42776,296
RI3BA015_IP16,296
42778,296
40414,296
RI3BA015_IP16a,296
42782,296
RI3BA015_IP17,296
42785,296
RI3BA015_IP17,296
42786,296
RI3BA015_IP18,296
42787,296
41503,296
RI3BA015_IP19,296
42789,296
41504d1,296
40420d1,296
RI3BA015_IP20,296
42795,296
41504d2,296
40420d2,296
RI3BA015_IP20a,296
42796,296
RI3BA015_IP21,296
42798,296
41510,296
41511,296
RI3BA015_IP21,296
42799,296
RI3BA015_IP22,296
42800,296
RI3BA015_VP01,296
42801,296
41514d1,296
40424,296
RI3BA015_WA01,296
42802,296
41514,296
RI3BA015_WA03,296
42804,296
40425,296
41515,296
40426,296
RI3BA016_10,296
42805,296
41516d1,296
RI3BA016_11,296
42806,296
41516d2,296
RI3BA016_13,296
41517,296
RI3BA016_13a,296
RI3BA016_15,296
41518,296
RI3BA016_18,296
41519,296
41520,296
RI3BA016_2,296
41521,296
RI3BA016_20,296
41523,296
RI3BA016_20B,296
41524,296
RI3BA016_21,296
40434,296
41525,296
RI3BA016_22,296
41525d2,296
40436,296
RI3BA016_23,296
41526,296
40437,296
RI3BA016_24,296
41527d1,296
RI3BA016_3,296
RI3BA016_4,296
41528d1,296
RI3BA016_5,296
41528d2,296
RI3BA016_6,296
41529,296
RI3BA016_7,296
41529d1,296
RI3BA016_8,296
41530,296
RI3BA016_9,296
41531,296
41532d1,296
41532d2,296
41533,296
41534,296
41535,296
41536,296
41537,296
41538,296
41539,296
41540,296
41541,296
41542d1,296
41543d1,296
41544,296
41572d2,296
42876,296
42878,296
41584,296
41585,296
41587,296
41588,296
41594,296
41595,296
41596,296
41597,296
41606,296
41607,296
41608,296
41609,296
41611,296
41612,296
41613,296
41614,296
41615,296
41616,296
41630,296
41632,296
41634,296
41635,296
41637,296
41638,296
41639,296
41641,296
41643,296
41644,296
41645,296
41646,296
41647,296
41648,296
41650,296
41651,296
41652,296
41653,296
41655,296
41656,296
41657,296
41658,296
41659,296
41660,296
41661,296
40547,296
40548,296
40549,296
40553,296
40555,296
40556,296
40557,296
40558,296
40559,296
40560,296
40561,296
40562,296
40563,296
40564,296
40565,296
40567,296
40568,296
41682,296
41683,296
40571,296
40572,296
40573,296
40574,296
40575,296
40576,296
40577,296
40578,296
40579,296
40580,296
40581,296
40582,296
40583,296
40588,296
40589,296
40590,296
40591,296
41710,296
40595,296
40596,296
41725,296
41729,296
41730,296
40605,296
41731,296
40606,296
41732,296
40607,296
41733,296
40608,296
41734d1,296
40609,296
41734d2,296
41735,296
40610,296
40611,296
40612,296
40615,296
40616,296
40617,296
40618,296
40619,296
40620,296
40621,296
40622,296
41748,296
40626,296
41754,296
41755,296
41758,296
40644,296
40647,296
41770d1,296
40648,296
41770d2,296
40651,296
41771,296
40655,296
41772,296
40656,296
41774,296
41775,296
40665,296
41792d1,296
40666,296
40667,296
6080,296
41792d3,296
40668,296
40669,296
40670,296
40671,296
6770,296
6802,296
6829,296
6833,296
6837,296
6878,296
6907,296
6911,296
6912,296
6946,296
6958,296
41858d1,296
6960,296
41858d2,296
6961,296
41867,296
41868d1,296
41868d2,296
41875,296
41876,296
41877,296
41878,296
41879d1,296
41879d2,296
41881,296
41881,296
41884d1,296
41884d2,296
41885,296
41886,296
40759,296
40760,296
40791,296
40792,296
40793,296
40794,296
40795,296
40796,296
40797,296
40798,296
40799,296
40800,296
40801,296
40802,296
40806,296
40809,296
40810,296
40811,296
40812,296
40813,296
40818,296
40819,296
40822,296
40823,296
40824,296
40825d1,296
40825d2,296
40826,296
40827,296
40828,296
40829,296
40832,296
40833,296
40834,296
41960,296
41961d1,296
41961d2,296
41962,296
40846,296
40847,296
40850,296
40851,296
40852,296
40853,296
40859,296
40860,296
40861,296
40862,296
40863,296
40864,296
40865,296
40866,296
40867,296
40868,296
40870,296
40871,296
40872,296
40873,296
41987,296
41988,296
41990,296
41991,296
41997,296
41998,296
42001,296
42002,296
42004,296
42006,296
40901,296
42024,296
40902,296
42025,296
40903,296
40904,296
40906,296
40909,296
40910,296
42041,297
42042,297
42043,297
42046,297
42085,297
42692,297
42087,297
42089,297
42090,297
42101,297
42102,297
42116,297
42117,297
42120,297
24896,297
42121,297
42124,297
42125,297
42126,297
24902,297
42132,297
42132d1,297
42133,297
42135d1,297
42135d2,297
42136,297
42137,297
42137d1,297
42138,297
42139,297
42140,297
42141,297
42142d1,297
42142d2,297
42159,297
42161,297
42162,297
42163,297
42164,297
42165,297
42166,297
42167,297
42168,297
42169,297
42177,297
42178,297
42179,297
42180,297
42181,297
42182,297
42185d1,297
42185d2,297
42186,297
42188,297
42189d1,297
42190,297
42191,297
42213,297
42215,297
42226,297
42296,297
42297,297
42536,297
42319,297
3466,297
40024,297
40025,297
40026,297
40033,297
40034,297
M_0042,297
40035,297
M_0043,297
40036,297
M_0044,297
40037,297
M_0045,297
40038,297
M_0046,297
M_0050,297
M_0053,297
M_0054,297
42357,297
42361,297
42363,297
42364,297
42365,297
42366,297
42367,297
42368,297
42369,297
42370,297
40064,297
42371,297
40065,297
40071,297
42373,297
42374,297
42375,297
42376,297
42377,297
42378,297
42379,297
40077,297
42380,297
42382,297
42383,297
42384,297
42385,297
42388,297
41217,297
42390,297
M_0127,297
42391,297
M_0128,297
42392,297
M_0129,297
M_0130,297
42407,297
M_0131,297
M_0132,297
M_0136,297
M_0136,297
M_0137,297
M_0138,297
M_0141,297
M_0142,297
M_0144,297
M_0146,297
M_0146,297
40112,297
40113,297
40115,297
40118,297
41241,297
40119,297
40120,297
40121,297
41244,297
40122,297
RI3A106_R1,297
41245,297
40123,297
RI3A106_R10,297
41246,297
40124,297
RI3A106_R11,297
41247,297
40125,297
RI3A106_R12,297
41248,297
40126,297
41249,297
40127,297
41250,297
40128,297
41251,297
40129,297
41252,297
40130,297
RI3A106_R2,297
41253,297
RI3A106_R4,297
41254,297
RI3A106_R5,297
42450,297
41255,297
40145,297
RI3A106_R5B,297
41256,297
40146,297
RI3A106_R6,297
41257,297
RI3A106_R9,297
41258,297
42452,297
42453,297
41258d1,297
41260,297
41261,297
42455d1,297
42455d2,297
42458,297
42459,297
42460,297
40161,297
42461,297
40162,297
42462,297
40163,297
42463,297
40163d2,297
40164,297
40166,297
40167,297
40168,297
40169,297
40170,297
40171,297
40172,297
40173,297
40174,297
40176,297
40177,297
40178,297
40179,297
40180,297
40182,297
40183,297
40184,297
40185,297
40186,297
RI3A120_D01,297
40187,297
RI3A120_D02,297
40188,297
40189,297
RI3A120_D03,297
RI3A120_D04,297
40190,297
RI3A120_D05,297
40191,297
40192,297
RI3A120_D06,297
40193,297
RI3A120_D07,297
40194,297
RI3A120_D09,297
40195,297
RI3A120_D10,297
40196,297
RI3A120_D11,297
RI3A120_R01,297
40197,297
RI3A120_R02,297
RI3A120_R03,297
RI3A120_R03dd,297
40200,297
RI3A120_R03dd1,297
40201,297
RI3A120_R04,297
40202,297
RI3A120_R04',297
40203,297
RI3A120_R05,297
40204,297
42509,297
RI3A120_R06,297
40205,297
RI3A120_R07,297
40206,297
42511,297
40207,297
42512,297
40208,297
42513,297
40209,297
23530,297
42514,297
40210,297
42515,297
40212,297
42516,297
40213,297
42517,297
40214,297
42518,297
40215,297
42519,297
40216,297
42522,297
42523,297
42525,297
42526,297
42527,297
42531,297
42532,297
42533,297
42534,297
42536,297
42537,297
42538,297
40235,297
42539,297
40236,297
42540,297
40237,297
42536,297
42544,297
42544,297
40240,297
42545,297
42546,297
40243d1,297
40243d2,297
40244,297
40247,297
42556,297
40252,297
42558,297
40253,297
42559,297
42560,297
40257,297
42561,297
40258,297
42562,297
42563,297
42564,297
42566,297
42568,297
42570,297
42571,297
42572,297
42573,297
42574,297
42577,297
42578,297
40278d1,297
40279,297
40280,297
40282,297
40283,297
40284,297
40285,297
40286,297
40288,297
40290,297
40292,297
40293,297
40294d1,297
40295d1,297
40297,297
40298,297
40299,297
40300,297
40301,297
40302,297
RI3A210_D05,297
RI3A210_D06,297
40305,297
40311,297
40312d1,297
40312d2,297
RI3A210_D13,297
42646,297
40314,297
RI3A210_D14,297
42647,297
RI3A210_R02,297
42649,297
40317,297
42650,297
40318,297
42651,297
40319d1,297
40319d2,297
RI3A210_R06,297
40320,297
RI3A210_R07,297
40321,297
RI3A210_R07a,297
40322d1,297
RI3A210_R08bis,297
41424,297
40322d2,297
RI3A210_R10,297
41426,297
40325,297
42662,297
40326,297
40327,297
40328,297
40329,297
40330,297
40331,297
40332,297
40333,297
40334,297
RI3AA004_D1,297
40335,297
RI3AA004_D10,297
40337,297
RI3AA004_D11,297
40338,297
RI3AA004_D12,297
40339,297
RI3AA004_D3,297
40340,297
RI3AA004_D4,297
40343,297
RI3AA004_D5,297
42685,297
40345,297
42688,297
40345d1,297
RI3AA004_D6,297
RI3AA004_R4,297
42689,297
40347,297
RI3AA004_R5,297
42700,297
RI3AA004_R6,297
42701,297
RI3AA004_R8,297
42703,297
42706,297
RI3BA007_DWA1,297
40367,297
RI3BA007_DWA2,297
40368,297
RI3BA007_DWA3,297
40369,297
RI3BA007_DWA4,297
40370,297
RI3BA007_DWA5,297
40371,297
RI3BA007_DWA6,297
40372,297
RI3BA007_RWA1,297
RI3BA007_RWA2,297
RI3BA007_RWA3,297
40375,297
RI3BA007_RWA4,297
40376,297
RI3BA007_RWA5,297
40378,297
RI3BA007_RWA7,297
40380d1,297
40380d2,297
40382,297
40384,297
40385,297
41487,297
41488,297
42763,297
41490,297
42766,297
41491,297
42768,297
41492,297
42771,297
41494,297
42772,297
40399,297
42773,297
41496,297
41498,297
41499,297
40413,297
41500,297
41501,297
41502,297
40419,297
41509,297
42811,297
42812,297
42813,297
44268,297
42814,297
44270,297
42817,297
44271,297
42818,297
44272,297
42819,297
42820,297
42821,297
44275,297
40435,297
42822,297
44276d1,297
42827,297
44276d2,297
42829,297
44276d3,297
42830,297
44277,297
42831,297
44278,297
42832,297
44279,297
44283,297
42834,297
42835,297
40443,297
44284,297
40444,297
44285,297
42838,297
RI3BA059_IP7,297
44286,297
40445,297
42844,297
44287,297
40446,297
40447,297
44288,297
44289d1,297
44289d2,297
44290,297
40450,297
44291,297
44292,297
44293,297
44294d1,297
44294d2,297
44294d3,297
44295,297
44296,297
44297,297
44299,297
44301,297
44302,297
44304,297
44305,297
44306,297
44307,297
44507,297
44310,297
42862,297
44311,297
42863a,297
44312,297
42863,297
44313,297
44314,297
44315,297
44316,297
44317,297
44318,297
40475,297
44319,297
40476,297
44320,297
44321,297
44322,297
44323,297
44324,297
44325,297
44326,297
44327,297
44328,297
44329,297
44330,297
44331,297
44332,297
23951,297
44333,297
44335,297
44336,297
44337,297
44537,297
44508,297
44338,297
44339,297
42885,297
44538,297
44508,297
44338,297
44349,297
44350,297
42897,297
42897,297
44508,297
44338,297
40524,297
41620,297
40526,297
41622,297
40527,297
41626,297
40528,297
41654,297
44457,297
40566,297
41681,297
41682,297
41683,297
41684,297
41685,297
41686,297
41689,297
41691,297
41692,297
41693,297
41695,297
41696,297
41698,297
41699,297
40584,297
40585,297
40586,297
41702,297
40587,297
41703,297
41704,297
43040,297
40589,297
41706,297
40590,297
41706d2,297
44489,297
43044,297
41709,297
44498,297
40595,297
44490,297
44498,297
43047d1,297
40596,297
40597,297
44492,297
40598,297
44496,297
44493,297
41721,297
40602,297
44496,297
44516,297
44494,297
40604,297
44496,297
44495,297
44338,297
Ruien fase 5 OV19,297
44496,297
Ruien fase 5 OV19,297
44497,297
Ruien fase 5 OV19,297
44498,297
41736,297
Ruien fase 5 OV19,297
44499,297
40619,297
40620,297
40621,297
5901,297
5902,297
5906,297
5917,297
5921,297
5923,297
5924,297
5925,297
40638,297
40641,297
40642,297
40647,297
6170,297
6215,297
M_0146,297
6237,297
Ruien fase 5 OV17,297
44516,297
6272,297
6273,297
Ruien fase 5 OV19,297
6273,297
41804,297
6281,297
41805,297
6291,297
41805d2,297
41806,297
Ruien fase 5 OV18,297
41807,297
6357,297
41811,297
6359,297
44497,297
6360,297
6362,297
41812,297
6368,297
41813,297
6369,297
41814,297
41816,297
6380,297
6396,297
41817,297
41818,297
41819,297
41820,297
6467,297
41821,297
6468,297
41822,297
41823,297
41824,297
41825,297
41828,297
41829,297
41830,297
41831,297
41833,297
41835,297
41839d1,297
41839d2,297
41843,297
41845,297
41847,297
41848,297
41849d1,297
41849d2,297
41850,297
41851,297
41864,297
41871,297
41873,297
42536,297
41875,297
24284,297
40773,297
40782,297
40783,297
40783d2,297
40795,297
40835,297
40837,297
40839,297
41970,297
41971,297
41972,297
41973,297
41974,297
41976,297
41978,297
42536,297
41979,297
41980d1,297
41980d2,297
41993,297
41994d1,297
41994d2,297
42006,297
42007,297
42010,297
42012,297
42013,297
42019,297
42020,297
42022,297
42023,297
42026,297
42026,297
42026a,297
42026,297
42027dd,297
42028,297
42029,297
42028,297
42030,297
42031,297
42032,297
42033,297
42034,297
42035,297
42036,297
42037,297
42039,297
5859,298
40055,298
40056,298
40057,298
42357,298
40058,298
42358,298
40059,298
42359,298
40060,298
42360,298
40061,298
40062,298
40063,298
43090,298
43091,298
42048d1,298
42048d2,298
40415,298
42384,298
42385,298
40417,298
42386,298
42387,298
42388,298
42389,298
42390,298
42391,298
42392,298
42409,298
43125d2,298
42415,298
40448,298
40449,298
40451,298
40147,298
42456,298
42457,298
42127,298
42864,298
42865,298
41888,298
40757,298
40198,298
40199,298
40497,298
40200,298
40202,298
40203,298
40205,298
40207,298
44358,298
44359,298
40222,298
44360,298
40223,298
44362d1,298
42905,298
40224,298
44362d2,298
40226,298
42906d1,298
44364,298
40227,298
44367,298
40228,298
44368,298
42955d1,298
40230,298
43487,298
42955d2,298
40231,298
43488,298
42958,298
40232d1,298
42959,298
40232d2,298
43490,298
42203d1,298
40233,298
43491,298
42203d2,298
40235,298
42204,298
41619,298
40236,298
42206,298
42208,298
41622,298
42209,298
42210,298
40245,298
43751,298
43752,298
42547,298
43753,298
40256,298
42548,298
40257,298
42549,298
42555,298
42556,298
40259,298
42557,298
44409,298
44410,298
42564,298
44411,298
42565,298
40272,298
44412,298
42986d2,298
44413,298
40273,298
40274,298
44417,298
42568,298
40275,298
42569,298
40276,298
43525,298
40277,298
42992,298
40281,298
43547,298
40304,298
44459,298
40305,298
41691,298
40306,298
41692,298
40308,298
40309,298
40310,298
43026,298
43027,298
RI3A199_D14bis,298
43299,298
43030,298
RI3A199_D15,298
40313,298
RI3A199_D16,298
RI3A199_VBP1,298
RI3A210_D06,298
RI3A210_D06bis,298
RI3A210_D07,298
RI3A210_D07bis,298
43309,298
RI3A210_D07tris,298
40321,298
41707,298
31811,298
RI3A210_D09,298
40322d1,298
RI3A210_D10,298
40322d2,298
RI3A210_D11,298
40324,298
43044,298
40325,298
RI3A210_D12,298
43045,298
RI3A210_D13,298
41715,298
43047d1,298
RI3A210_R03,298
RI3A210_R04,298
RI3A210_R05,298
RI3A210_R06,298
RI3A210_R07,298
42321,298
RI3A210_R10,298
41444,298
43595,298
41445,298
5809,298
5810,298
5811,298
5820,298
40053,298
41759,311
41760,311
41768,311
42049,311
42051,311
42053,311
75967,311
42054,311
40079,311
42055,311
40083,311
42056,311
40084,311
42057,311
40085,311
40086,311
40087,311
75992,311
23811,311
75993,311
75994,311
75995,311
75996,311
23815,311
75997,311
75998,311
75999,311
76001,311
40422,311
76002,311
40423,311
76003,311
76004,311
76005,311
41512,311
76006,311
41513,311
76007,311
76009,311
76011,311
42091,311
42434,311
42103,311
42437,311
42438,311
23382,311
41549d1,311
41549d2,311
41550,311
6934,311
41551d1,311
41551d2,311
6956,311
41552,311
41552d2,311
41553,311
41554,311
41555,311
41557,311
41560,311
41562,311
41563,311
41564,311
41565,311
41566,311
41569,311
23089,311
41570,311
41572,311
7126,311
23431,311
41306,311
41307,311
24287,311
41308,311
41309,311
7341,311
41310,311
41041,311
7358,311
41311,311
41312,311
41043,311
41312d1,311
41044,311
41313,311
7395,311
41320,311
42903,311
41321,311
42904,311
41322,311
41323,311
42910,311
42914,311
41327,311
41328,311
41329,311
41330,311
41331,311
41332,311
41333,311
41334,311
41335,311
41066,311
41336,311
41067,311
41337,311
41068,311
41338,311
41069,311
41071,311
41073,311
41074,311
41076,311
41077,311
40803,311
40804,311
40805,311
40806,311
42246,311
40807,311
40808,311
41350,311
41351,311
41352,311
44038,311
41353,311
4408,311
44097,311
41354,311
41355,311
44099,311
41356,311
44107dd,311
44108,311
44113,311
40545,311
44114,311
44115,311
44116,311
44117,311
44118,311
44122,311
44123,311
44124,311
44126,311
44427,311
44435d1,311
41371,311
44435d1,311
41372,311
44435d1,311
44435d1,311
44133,311
44438,311
44439,311
44135,311
44440,311
44136,311
44441,311
44137,311
44442,311
44138,311
44443,311
44139,311
44445,311
44140,311
44446,311
44141,311
44447,311
41388,311
44142,311
44448,311
41389,311
44142ddd1,311
44449,311
41390,311
44142ddd2,311
44450,311
44143,311
44454,311
44144,311
44145,311
44146,311
41395,311
44147,311
44148,311
44149,311
41398,311
44150,311
44473,311
44151,311
44152,311
44153,311
41402,311
44154,311
41403,311
44156,311
41405,311
41139,311
44157,311
41406,311
44158,311
44161,311
44162,311
44165,311
40874,311
40875,311
40879,311
41712,311
41713,311
41999,311
42000,311
41739,311
41740,311
41741,311
9377,311
41742,311
9379,311
41743,311
41744,311
41745,311
41746,311
41747,311
41751,311
41756,311
41757,311
42051,312
42057,312
42077,312
23016,312
42078,312
42079,312
42080,312
42081,312
42082,312
23022,312
42083,312
42091,312
40982,312
40983,312
23052,312
23053,312
23054,312
23055,312
23058,312
23059d1,312
23059d2,312
23060,312
23061,312
23062,312
23064,312
23065,312
23069,312
24903,312
23071,312
23072,312
23073,312
24908,312
23075,312
23076,312
23077,312
23078,312
24944,312
23079,312
23080,312
23082,312
24947,312
23083,312
24948,312
24949,312
23085,312
23086,312
23087,312
24952,312
23089,312
24955,312
23090,312
23092,312
24960,312
23094,312
23096,312
23099,312
24965,312
23100,312
24969,312
23102,312
24970,312
23104,312
23105,312
23106,312
23107,312
23108,312
23109,312
23110d1,312
41043,312
23110d2,312
41044,312
23111,312
41045,312
23112,312
41046,312
23113,312
41047,312
23114,312
41048,312
41049,312
41050,312
41051,312
41052,312
41053,312
41054,312
41055,312
41056,312
41057,312
41058,312
41059,312
23124,312
41060,312
23125,312
41061,312
23127,312
41064,312
41065,312
42225,312
23146,312
23147,312
41090,312
41091,312
23153d1,312
41092,312
23154,312
41093,312
23155,312
41094,312
23156,312
41094d1,312
41094d2,312
41095,312
41096,312
41097,312
23160,312
41098,312
23161,312
41099,312
23162,312
41100,312
41101,312
41102,312
41103,312
41104,312
41110,312
23172,312
41111,312
23173,312
41112,312
23174,312
41113,312
41115,312
23176,312
23177,312
23180,312
23181,312
41136,312
23198,312
41140,312
23199,312
41142,312
23200,312
41144,312
23200d1,312
41145,312
23201,312
41146,312
23202,312
41148,312
23203,312
23205,312
41233,312
41234,312
41235,312
41236,312
41237,312
41238,312
41239,312
RI3A104_R04,312
41240,312
RI3A104_R05,312
42429,312
RI3A104_R07,312
42430,312
RI3A104_R08,312
42431,312
RI3A104_R09,312
42432,312
42438,312
42439,312
42440,312
23364,312
23365,312
23368,312
23369,312
23370,312
23372,312
23373,312
23374,312
42454,312
23375,312
23376,312
23377,312
23378,312
23379,312
23380,312
23381,312
RI3A115_D10,312
23383,312
RI3A115_D2,312
23384,312
RI3A115_D3,312
23385,312
23387,312
RI3A115_D4,312
RI3A115_D5,312
23389,312
RI3A115_D6,312
23390,312
RI3A115_D7,312
RI3A115_D8,312
23393,312
RI3A115_D9,312
23394,312
RI3A115_R1,312
23395,312
RI3A115_R10,312
RI3A115_R11,312
RI3A115_R12,312
RI3A115_R12dd1,312
RI3A115_R13,312
23400d1,312
RI3A115_R14,312
RI3A115_R3,312
RI3A115_R4,312
RI3A115_R5,312
RI3A115_R6,312
RI3A115_R7,312
RI3A115_R8,312
RI3A115_R9dd,312
RI3A115_R9dd1,312
23414,312
23415,312
23417,312
23418,312
41303,312
23420,312
41304,312
23430d1,312
41305,312
23430d2,312
23433,312
23434,312
23439d1,312
23439d2,312
41324,312
41326,312
41339,312
41340,312
41341,312
41342,312
41343d1,312
41343d2,312
23575,312
41344,312
41345,312
41346,312
23577d1,312
41347,312
23577d2,312
41348,312
23578,312
41349,312
41350,312
23581,312
41351,312
23582,312
23584,312
23585,312
23586,312
23587,312
23589,312
23591,312
44125,312
44126,312
44127,312
44128,312
44129,312
44130,312
44131,312
44132,312
44133,312
44134,312
41369,312
44136,312
41371,312
40283,312
41374,312
23607d2,312
41375,312
41377,312
41378,312
41379,312
41383,312
41384,312
41385,312
41391,312
41392,312
23621,312
44151,312
23622,312
44152,312
23623,312
44153,312
23624d1,312
23624d2,312
23625,312
41398,312
41399,312
41400,312
41401,312
44164,312
41402,312
44165,312
44166,312
44167,312
44168,312
41407,312
44169,312
41408,312
44170,312
23638,312
44171,312
44172,312
44173,312
44174,312
44175d1,312
44175d2,312
44176,312
44177,312
44178,312
44179,312
23649d2,312
44180,312
44181,312
44182,312
23652,312
44183,312
44184,312
44185,312
44186,312
44187,312
44188,312
44189,312
44190,312
44191,312
44192,312
44193,312
44196,312
44197,312
44198,312
44199,312
44203,312
23669,312
44204,312
23670,312
44205,312
23671,312
44206,312
23672,312
44207,312
23673,312
44208,312
23674,312
44210,312
23676,312
44211,312
23678,312
44212,312
44213,312
44214,312
44215,312
44217,312
44219,312
44220,312
44221,312
44222,312
44223,312
44224,312
44225,312
44225d2,312
44226,312
44227,312
44228,312
44229,312
44230,312
23794,312
44231,312
23795,312
44232,312
23796,312
44234,312
23797,312
44235,312
23798,312
44236,312
23799,312
44238,312
23800,312
44239,312
23801,312
44240,312
23802,312
44241,312
23803,312
23804,312
44243,312
23805,312
23806,312
23807,312
23808,312
23809,312
23810,312
23811,312
23812,312
23813,312
23814,312
40421,312
23815,312
23816,312
40423,312
23817,312
40423,312
23818,312
23819,312
23820,312
23821,312
23822,312
23826,312
23827,312
23849,312
23850,312
23860,312
23879,312
23880,312
23881,312
23882,312
23885,312
41534,312
41535,312
41545,312
41547,312
23900,312
41548,312
23901,312
23902,312
41558,312
23921,312
23922,312
41571,312
41572,312
41573,312
41574,312
41575,312
41576,312
41577,312
41578,312
41579,312
41580,312
23959,312
41581,312
23960,312
41582,312
41583,312
41584,312
41589,312
41590,312
41591,312
41592,312
41593,312
42913,312
23985,312
23986,312
23987,312
23990,312
23991,312
23992,312
23993,312
23994,312
23995,312
23996,312
23997,312
23998,312
23999,312
24000,312
24001,312
24002,312
24003,312
24004,312
41640,312
41641,312
24008,312
24009,312
24010,312
40545,312
40546,312
24026,312
44435d1,312
44435d1,312
40549,312
40550,312
40551,312
24030,312
40552,312
24031,312
40553,312
24032,312
40554,312
24033,312
40555,312
24034,312
24035,312
24036,312
24037,312
44447,312
24054,312
41711,312
24075,312
41737,312
41738,312
24090,312
24093,312
24094,312
24095,312
41747,312
41748,312
24105,312
41749,312
24106,312
41750,312
41751,312
41752,312
41754,312
41756,312
41761,312
41762,312
41764,312
24119,312
41765,312
24120,312
41766,312
24121,312
41767,312
41768,312
24123,312
24124,312
24125,312
24126,312
24127,312
24128,312
24129,312
24130,312
24131,312
24132,312
24133,312
24134,312
24135,312
24136,312
24137,312
24138,312
24139,312
24140,312
24141,312
24142,312
24143,312
24144,312
24145,312
24146,312
24147,312
24148,312
24149,312
24153,312
24154,312
24155,312
24157,312
24158,312
24159,312
24164,312
24165,312
24167,312
6465,312
24173,312
6946,312
6965,312
41859,312
6974,312
6983,312
6995,312
6998,312
7001,312
7002,312
7010,312
7013,312
7016,312
7017,312
7103,312
7104,312
7130,312
7158,312
7368,312
7369,312
7370,312
7380,312
41900,312
41901,312
41902,312
41903,312
41905,312
41906,312
24301,312
24302,312
24306,312
24307,312
24308,312
24309,312
24310,312
24311,312
40804,312
40806,312
40813,312
40814,312
40815,312
40816,312
40817,312
40818,312
40819,312
40820,312
40821,312
40870,312
41998,312
42000,312
42008,312
42009d1,312
24450,312
24451,312
24452,312
24453,312
24454,312
24455,312
24456,312
24457,312
24458,312
24459,312
40911,312
24464,312
24465,312
24466,312
23748,313
24488,313
24489,313
24490,313
24491,313
24492,313
24493,313
24494,313
24495,313
24496,313
24497,313
24498,313
24499,313
24500,313
24501,313
24502,313
24822,313
24823,313
24824,313
24825,313
24826,313
24827,313
24828,313
24829,313
24830,313
24831,313
24832,313
44307,313
24833,313
24834,313
40435,313
24835,313
24836,313
24837,313
24838,313
24839,313
24840,313
24841,313
24842,313
24843,313
24844,313
24845,313
24846,313
23851,313
24847,313
24848,313
23859,313
24869,313
23859d1,313
24875,313
23874,313
24876,313
24877,313
24878,313
42127,313
24879,313
24880,313
23884,313
24882,313
23885,313
24883,313
23886,313
24884,313
23888,313
24885,313
23889,313
24886,313
23890,313
24887,313
23890d1,313
24888,313
23891,313
24889,313
23892,313
24890,313
23894,313
24892,313
23895,313
24893,313
23896,313
24894,313
44345,313
23897,313
24896,313
44346d1,313
23898,313
24897,313
44347,313
23899,313
24898,313
44348,313
23900,313
24899,313
24900,313
23902,313
24901,313
23903,313
24902,313
23904,313
23905,313
23906,313
23907,313
23908,313
23910,313
23911,313
24941,313
23912,313
24943,313
23913,313
23914,313
23915,313
23916,313
23917,313
23918,313
23919,313
24950,313
23920,313
24951,313
23925,313
23926,313
23927,313
23945,313
23950d1,313
23950d2,313
24963,313
24964,313
23957,313
23958,313
24973,313
24988,313
23092,313
24015,313
24016,313
24017,313
24018,313
24019,313
24020,313
24021,313
24022,313
24023,313
24024,313
41115,313
24025,313
24026,313
24027,313
23157,313
24028,313
24029,313
24030,313
24031,313
23160,313
23161,313
24033,313
24038,313
24039,313
24040,313
24041,313
24042,313
24043,313
24044,313
24045,313
24046,313
24047,313
24048,313
24049,313
24050,313
5095d1,313
24051,313
5108,313
24052,313
24053,313
40592,313
40597,313
40598,313
41737,313
24103,313
24104,313
6356,313
6357,313
6359,313
6368,313
6461,313
6465,313
6466,313
6467,313
7085d1,313
7085d2,313
24174,313
24184,313
24235,313
24242,313
24243,313
24244,313
24245,313
23461d1,313
23461d2,313
23530,313
23531,313
24301,313
23532,313
24302,313
23533,313
24303,313
23534,313
23548,313
23550,313
23552,313
23553,313
23554,313
23555d1,313
24312,313
23555d2,313
24313,313
23556,313
24314,313
23556d2,313
24315,313
23557,313
24316,313
23558,313
24317,313
23559,313
24318,313
23561,313
24319,313
23562,313
24320,313
23565,313
23566,313
23567,313
23568,313
23572,313
23574,313
23576d1,313
23576d2,313
23578,313
23580,313
23581,313
23588,313
23589,313
23590,313
23592,313
23593,313
23594,313
40283,313
23595,313
23596,313
23597,313
23599,313
23600,313
23602,313
23603,313
23604,313
23605,313
23606,313
23607d1,313
23607d2,313
23608,313
23609,313
23610d1,313
23610d2,313
23612d1,313
23612d2,313
23614,313
23615,313
23617,313
23618,313
23619,313
23620,313
23625,313
42007,313
42008,313
42009d1,313
42009d2,313
44216,313
42010,313
42012,313
44218,313
44219,313
40325,313
23638,313
40326,313
23644,313
23645d1,313
23645d2,313
23646,313
23647,313
23648,313
23649d1,313
23649d2,313
23650,313
23651,313
44231,313
23652,313
23653,313
23654,313
24448,313
23656,313
44236,313
24449,313
23657,313
23658,313
23659,313
44240,313
23661d1,313
44241,313
23661d2,313
44242,313
24454,313
23662,313
44243,313
44244,313
24456,313
44245d1,313
24457,313
44246,313
24458,313
44248d1,313
24459,313
44249,313
24460,313
44250,313
24461,313
44251d1,313
24462,313
44252,313
24463,313
23671,313
44253,313
24464,313
44254,313
24465,313
44255,313
24466,313
44256,313
24467,313
44257,313
24468,313
44258,313
23679,313
24469,313
44259,313
23681,313
24470,313
44260,313
23682,313
24471,313
44261,313
24472,313
44264,313
24473,313
24474,313
44266,313
24475,313
44267,313
24476,313
24477,313
44270,313
44271,313
24478,313
24479,313
44272,313
24480,313
44273,313
24481,313
44274,313
24482,313
24483,313
44276d1,313
23744,313
24484,313
23745,313
24485,313
23746,313
24486,313
44277,313
23747,313
24487,313
44278,313
41707,314
42127,314
40325,314
42547,314
42548,314
42549,314
23020,327
24329,327
44438,327
23021,327
7305,327
75967,327
75968,327
75969,327
75971,327
75972,327
75973,327
75992,327
44158,327
76006,327
24326,327
23017,327
24327,327
76007,327
24328,327
76008,327
23821,328
23823,328
23824,328
23825,328
23016,328
23827,328
23017,328
23828,328
23019,328
23020,328
23021,328
23022,328
23023,328
23024,328
23025,328
23026,328
23027,328
23028,328
23029,328
23030,328
23031,328
23032,328
23033,328
23034,328
23035,328
23036,328
23037,328
23038,328
23039,328
23041,328
23042,328
23043,328
23044,328
23046,328
23047,328
23049,328
23050,328
24903,328
24905,328
24908,328
24945,328
24946,328
24954,328
24956,328
24957,328
23083,328
23084,328
23088d1,328
23088d2,328
24972,328
23091,328
23093,328
23964,328
23965,328
23966,328
23967,328
23103,328
23970,328
23104,328
23980,328
23981,328
23982,328
23115,328
23983,328
23116,328
23117,328
23118,328
23119d1,328
23119d2,328
23120,328
23121d1,328
23121d2,328
23122,328
23123,328
23126,328
23129,328
23130,328
23131,328
23132,328
24005,328
23133,328
24006,328
23134,328
23135,328
24007,328
23136,328
24008,328
23137,328
23138,328
23139,328
24011,328
23140,328
24012,328
23141,328
24013,328
23142,328
24014,328
23143,328
23144,328
23146,328
23148,328
23149,328
23151,328
23152,328
23159d1,328
23161,328
23162,328
23163,328
23164,328
23165,328
23166,328
23167,328
23168,328
23169,328
23170,328
23171,328
23172,328
23173,328
23174,328
23175,328
23176,328
23177,328
23178,328
23179,328
23180,328
23182,328
23183,328
24055,328
23184,328
24056,328
23185,328
24057,328
23186,328
23187,328
24058,328
23188,328
24059,328
24060,328
23189,328
24061,328
23190,328
24062,328
23191,328
24063,328
23192,328
23193,328
24064,328
23194,328
24065,328
23195,328
24066,328
23196,328
24067,328
23197,328
24068,328
24069,328
24070,328
24071,328
24072,328
24073,328
24074,328
24075,328
23205,328
24076,328
23206,328
24077,328
23207,328
24078,328
23208,328
24079,328
23209,328
24080,328
23210,328
24081,328
23211,328
24082,328
23212,328
24083,328
23213,328
24084,328
23214,328
24085,328
23215,328
24086,328
24087,328
24088,328
24089,328
24094,328
24099,328
24100,328
24101,328
24102,328
23239,328
23240,328
23246,328
23247,328
23248,328
23250,328
23251,328
RI3A104_R03,328
23252,328
24117,328
RI3A104_R04,328
24118,328
23253,328
24119,328
23254,328
24120,328
23255,328
24121,328
23256,328
24122,328
23257,328
23258,328
23259,328
23260,328
23261,328
23262,328
23263,328
23264,328
23265,328
23267,328
23268,328
23269,328
23270,328
23313,328
23314,328
23315,328
23316,328
23317,328
23318,328
23319,328
23320,328
23321,328
23322,328
23323,328
23324,328
23325,328
23326,328
23327d1,328
23327d2,328
23328,328
23329,328
23330,328
23331,328
23332,328
23333,328
24164,328
24165,328
23334,328
24166,328
23335,328
23336,328
24168,328
23337,328
24169,328
23338,328
24170,328
23339,328
24171,328
23340,328
24172,328
23341,328
7104,328
23342,328
23344,328
7212,328
23346,328
7214,328
23347,328
7219,328
23348,328
23349,328
7227,328
7251,328
23351,328
7252,328
23352,328
7260,328
23353,328
23354,328
23356,328
23357,328
7300,328
23359,328
7305,328
23363,328
75101,328
75102,328
75103,328
75104,328
75105,328
75106,328
75107,328
75108,328
75110,328
75111,328
75112,328
75116d3,328
23391,328
23394,328
75118d2,328
75118d3,328
23396,328
75119,328
23397,328
RI3A142_IP01,328
75120,328
23398,328
RI3A142_IP02,328
75121,328
23399,328
75122,328
23400d1,328
75123,328
23400d2,328
23401,328
23402,328
23405d1,328
23405d2,328
23406,328
23407,328
24270,328
23407,328
23408,328
23409,328
23410,328
23411,328
23412,328
24288,328
24289,328
24290,328
23435,328
24292,328
RI3A142_IP38,328
23436,328
24293,328
RI3A142_IP39,328
24294,328
RI3A142_IP40,328
24296,328
24297,328
24298,328
24299,328
24300,328
24321,328
24322,328
24323,328
24324,328
24325,328
24327,328
24328,328
24329,328
24330,328
24331,328
24333,328
24348,328
24355,328
24356,328
24357,328
24358,328
24359,328
24360,328
24361,328
24362,328
24363,328
24364,328
24365,328
24366,328
24367,328
24368,328
24372,328
24373,328
24374,328
24375,328
24376,328
24377,328
24378,328
24379,328
24380,328
24381,328
24382,328
24383,328
24384,328
24385,328
24386,328
24387,328
24388,328
24389,328
24390,328
24391,328
24392,328
24393,328
75714,328
75715,328
75716,328
24403,328
75717,328
24404,328
75718,328
24405,328
75719,328
24406,328
75720,328
24407,328
75721,328
24408,328
75722,328
24409,328
75723,328
24410,328
75727,328
24411,328
75728,328
24412,328
75729,328
75730,328
75731,328
75741,328
24416,328
75742,328
24417,328
24418,328
24419,328
24420,328
24421,328
24422,328
24424,328
24425,328
24427,328
23727,328
10011,329
10015,329
10033,329
23001,329
23002,329
23003,329
23004,329
23005,329
23006,329
23007,329
23009,329
23010,329
23011,329
23012,329
23013,329
23014,329
23015,329
23847,329
23848,329
23050,329
23057,329
24905,329
24906,329
24909,329
24943,329
23070,329
24953,329
24958,329
23955,329
23961,329
23091,329
23961d2,329
23963,329
27004d1,329
27004d2,329
27006d1,329
27007d1,329
23968,329
23969,329
27007d2,329
27008,329
27009d1,329
23971,329
27009d2,329
23972,329
23973,329
27010d1,329
23974,329
27010d2,329
23975,329
27011,329
23976,329
27016,329
23977,329
27017d1,329
23978,329
27017d2,329
23979,329
27018d1,329
27018d2,329
27019,329
23982,329
27020d1,329
23983,329
27020d2,329
23984,329
27021,329
27022,329
27023,329
27027,329
27030,329
27032,329
27034,329
27035,329
23128,329
23129,329
27043,329
27044,329
27045,329
27058,329
27063,329
27064,329
27065,329
27066,329
27068,329
27069,329
27070,329
27071d1,329
27071d2,329
23157,329
23158,329
23159d1,329
27083,329
23159d2,329
23160,329
23161,329
27086,329
23162,329
27087,329
27089,329
23165,329
27090,329
27091,329
27092,329
27093,329
9848,329
27094,329
9975,329
27095,329
27096,329
27097,329
27099,329
27112,329
27113,329
24049,329
24050,329
24051,329
27118,329
5417,329
27124,329
5422,329
27125,329
27127dd1,329
27127dd2,329
23187,329
23188,329
27134,329
23189,329
27134,329
23217,329
23218,329
23219,329
23220,329
23221,329
23222,329
23223,329
23225,329
23226,329
23227,329
23230,329
23231,329
23232d1,329
24104,329
23232d2,329
23235,329
6322,329
23237,329
24107,329
6331,329
24108,329
6349,329
24109,329
24110,329
23241,329
24111,329
23242,329
24112,329
24113,329
24114,329
24115,329
24116,329
7085d1,329
7085d2,329
RI3A142_IP06,329
24184,329
RI3A142_IP36,329
24210,329
24210,329
24211,329
24212,329
24213,329
23350,329
24214,329
24215,329
24216,329
24217,329
7264,329
24218,329
7272,329
24219,329
24220,329
23358,329
7289,329
24221,329
24222,329
23359,329
24223,329
23360,329
24224,329
23362,329
24225,329
24226,329
24227,329
24228,329
24229,329
24230,329
24231,329
24232,329
24233,329
24234,329
24235,329
24244,329
24245,329
24246,329
24247,329
24248,329
24249,329
24250,329
24251,329
24252,329
24253,329
24254,329
24255,329
24256,329
24257,329
24258,329
RI3A142_IP01,329
24259,329
24260,329
RI3A142_IP02,329
24261,329
RI3A142_IP03,329
24262,329
RI3A142_IP04,329
24263,329
RI3A142_IP09,329
RI3A142_IP10,329
24265,329
RI3A142_IP11,329
24266,329
RI3A142_IP12,329
24267,329
RI3A142_IP13,329
24268,329
RI3A142_IP14,329
24269,329
RI3A142_IP15,329
24270,329
RI3A142_IP16,329
24271,329
RI3A142_IP17,329
24272,329
24273,329
RI3A142_IP18,329
RI3A142_IP19,329
24274,329
24275,329
RI3A142_IP20,329
24276,329
RI3A142_IP21,329
24277,329
RI3A142_IP22,329
24278,329
RI3A142_IP23,329
24279,329
RI3A142_IP24,329
24280,329
RI3A142_IP25,329
RI3A142_IP26,329
24281,329
RI3A142_IP27,329
24285,329
RI3A142_IP28,329
RI3A142_IP29,329
RI3A142_IP31,329
RI3A142_IP32,329
RI3A142_IP37,329
RI3A142_IP38,329
RI3A142_IP39,329
23437,329
23438,329
24301,329
23565,329
23570,329
23571,329
24390,329
24391,329
24392,329
RI3B012_IP02,329
RI3B012_IP03,329
23616,329
24393,329
RI3B012_IP03a,329
23617,329
24394,329
RI3B012_IP05,329
24396,329
RI3B012_IP06,329
23619,329
24397,329
RI3B012_IP07,329
24398,329
24400,329
24401,329
24402,329
24403,329
24404,329
24405,329
23628,329
24406,329
23629,329
24407,329
23630,329
24408,329
23631,329
23632,329
23633,329
23634,329
24412,329
23635,329
24413,329
24414,329
23636,329
23637,329
24415,329
23639,329
23640,329
24422,329
24423,329
24425,329
24427,329
24430,329
24431,329
24432,329
24433,329
24436,329
23658,329
23659,329
23663,329
23664,329
23665,329
23666,329
23667,329
RI3A142_IP34,329
23690,329
23696,329
23697,329
23698,329
23699,329
23702,329
23703,329
23704,329
23705d1,329
23707,329
23718,329
75237,330
75241,330
75242,330
75243,330
27003d1,330
75244,330
27003d2,330
75245,330
27004d1,330
75247,330
27004d2,330
75251,330
27006d1,330
75252,330
75253,330
75254,330
27008,330
75255,330
75256,330
75261,330
75262,330
27099,330
75266,330
75267,330
27016,330
27100,330
75271,330
75536,330
75553,330
27048,330
75202,330
75203,330
75204,330
75215,330
75216,330
75217,330
75218,330
75219,330
75220,330
75228,330
75229,330
75234,330
75235,330
75236,330
75536,331
75537,344
75538,344
75702,344
75705,344
75706,344
75710,344
75711,344
75712,344
75713,344
75108,344
75110,344
75111,344
75112,344
75113,344
75114,344
75115,344
75116d1,344
75116d2,344
75116d3,344
75117,344
75118d1,344
23359,344
75118d2,344
75118d3,344
75121,344
75122,344
75123,344
75124,344
75125,344
75126,344
75127,344
75128,344
75129,344
75130,344
75132,344
76068,344
76069,344
76070,344
76072,344
76073,344
76074,344
76075,344
76076,344
76077,344
76078,344
76079,344
76080,344
76081,344
76082,344
76083,344
76084,344
76085,344
76086,344
76087,344
76088,344
76089,344
76090,344
76091,344
76092,344
76093,344
76094,344
76095,344
76096,344
76097,344
76099,344
76100,344
76101,344
76102,344
76103,344
76104,344
76105,344
76106,344
76109,344
76110,344
76111d1,344
76111d2,344
76113,344
76115d1,344
76115d2,344
76116,344
76117,344
76538,344
76539,344
76540,344
76541,344
76543,344
10004,345
10005,345
10006,345
10011,345
10021,345
10033,345
75762,345
75763,345
23006,345
23359,345
23360,345
76099,345
76113,345
24911,345
76540,345
76541,345
76542,345
76543,345
76544,345
76545,345
76546,345
76549,345
24266,345
76550,345
76551,345
76552,345
76553,345
76556,345
76557,345
76558,345
76559,345
24274,345
76560,345
24275,345
76561,345
76567,345
76568,345
76569,345
76570,345
76571,345
76573,345
7269,345
7272,345
23437,345
76574,345
76583,345
7289,345
76584,345
23973,345
76586,345
76588,345
76589,345
76590,345
76592,345
76593,345
76594,345
76595,345
76596,345
76597,345
76598,345
27016,345
76599,345
76600,345
76601,345
76602,345
76603,345
76604,345
76605,345
76606,345
76608,345
76609,345
76610,345
27026,345
76612,345
76615,345
76617,345
27028,345
76631,345
76632,345
27030,345
76633,345
27031,345
76637,345
27032,345
76638,345
27033,345
76643,345
76645,345
27035,345
76647,345
76648,345
76650,345
76651,345
76652,345
76664,345
76667,345
75130,345
75135,345
76680,345
75136,345
75166,345
76681,345
76683,345
76684,345
76692,345
76693,345
27077,345
27078,345
27079,345
27080,345
27081,345
27082,345
27083,345
27084,345
27085,345
27086,345
27087,345
27088,345
27089,345
27090,345
76719,345
76720,345
76722,345
76723,345
76724,345
76725,345
76726,345
27099,345
76727,345
76728,345
76729,345
76730,345
76733,345
27114,345
76734,345
27115,345
76735,345
27116,345
76736,345
27117,345
76738,345
76740,345
76741,345
76742,345
76743,345
76744,345
27133,345
76746,345
27134,345
76747,345
27134,345
76748,345
76749,345
76750,345
76751,345
76752,345
76754,345
76756,345
76757,345
76758,345
76759,345
76760,345
76761,345
76762,345
76763,345
76764,345
76765,345
76766,345
76767,345
76768,345
76769,345
76770,345
76771,345
23226,345
75541,345
76772,345
75542,345
23227,345
76773,345
75543,345
75544,345
76774,345
76775d1,345
75549,345
76775d2,345
76776,345
76777,345
76778,345
76779,345
76780,345
75698,345
75699,345
75700,345
75701,345
75702,345
75703,345
75704,345
75705,345
75706,345
75707,345
75708,345
75709,345
75710,345
27046,346
27048,346
27049,346
27053,346
27054,346
75544,346
75547,346
75550,346
75551,346
75552,346
27073,346
27075,346
27076,346
27077,346
27100,346
27101,346
76651,346
76663,346
76664,346
76666,346
76667,346
76668,346
76678,346
76679,346
76680,346
76681,346
76687,346
76688,346
76689,346
75166,346
75172,346
76690,346
75173,346
76691,346
75175,346
76692,346
75176,346
76693,346
75177,346
76694,346
75178,346
76695,346
75179,346
76696,346
75180,346
76698,346
75181,346
76699,346
75182,346
76700,346
76707,346
75183,346
76708,346
75184,346
76709,346
75185,346
75186,346
76710,346
76711,346
75188,346
75190,346
76712,346
76714,346
75191,346
76718,346
75192,346
75193,346
76719,346
75194,346
75195,346
75196,346
75197,346
75198,346
75199,346
75200,346
27003d1,346
75201,346
75202,346
75203,346
75204,346
75213,346
75214,346
75215,346
75216,346
75217,346
75218,346
27016,346
75229,346
75231,346
75232,346
75233,346
75234,346
75235,346
27026,346
27026d2,346
27029,346
27033,346
27036,346
27039,346
